Date,Open,High,Low,Close,Adj Close,Volume,Sentiment
1/2/2014,52.029999,52.400002,51.810001,52.27,48.726482,16479700,0.319964349
1/3/2014,52.389999,53.470001,52.310001,53.400002,49.779881,26884900,0.110062893
1/6/2014,53.619999,54.290001,53.43,53.810001,50.162086,28503100,0.18309613
1/7/2014,54.59,54.720001,53.779999,54.18,50.507008,28840400,-0.003623188
1/8/2014,54.290001,55,54.200001,54.810001,51.094299,25989800,-0.102389078
1/9/2014,55,55.279999,54.759998,55.200001,51.457863,21803700,-0.038709677
1/10/2014,55.029999,55.09,54.299999,54.720001,51.010395,22485900,-0.108108108
1/13/2014,54.459999,54.66,53.439999,53.720001,50.07819,21110300,0.085854471
1/14/2014,54.130001,54.400002,53.630001,53.950001,50.292603,17771000,0.007905138
1/15/2014,54.52,55.169998,54.360001,54.990002,51.262093,33688100,-0.076923077
1/16/2014,53.560001,53.560001,52.349998,52.599998,49.034115,62946800,-0.340319361
1/17/2014,52.650002,52.919998,52.130001,52.27,48.726482,33934500,-0.264646465
1/21/2014,52.5,53,51.560001,51.849998,48.334969,27567400,-0.075941187
1/22/2014,52.009998,52.130001,51.509998,51.900002,48.381565,20841100,-0.129353234
1/23/2014,51.650002,51.650002,50.549999,50.720001,47.281567,34832200,-0.0456621
1/24/2014,50.049999,50.169998,49.080002,49.330002,45.985806,59057100,-0.170731707
1/27/2014,49.099998,49.66,48.360001,48.810001,45.501045,39675300,-0.062211862
1/28/2014,49.290001,49.860001,49.290001,49.599998,46.237492,24780900,0.019354839
1/29/2014,48.919998,49.360001,47.700001,48.080002,44.82053,54018100,0.153846154
1/30/2014,48.459999,48.700001,47.779999,48.299999,45.034988,39940700,-0.049230769
1/31/2014,47.509998,48.200001,47.290001,47.43,44.223804,33425100,0.033472803
2/3/2014,47.84,47.860001,46.189999,46.34,43.207481,42977600,0.148957412
2/4/2014,47,47.5,46.68,46.779999,43.617744,31286900,0.058510638
2/5/2014,46.759998,47.369999,46.310001,47.060001,43.878807,32535500,-0.3125
2/6/2014,47.400002,48.27,47.27,48.25,44.988377,33905600,0.031531532
2/7/2014,49.09,49.389999,48.52,49.34,46.004688,37875700,-0.143518519
2/10/2014,49.549999,49.73,48.830002,49.32,45.986042,19630100,0.148699732
2/11/2014,49.240002,49.860001,48.959999,49.66,46.303055,22982800,-0.140776699
2/12/2014,49.779999,50.150002,49.650002,49.959999,46.582779,23626300,0.012145749
2/13/2014,49.07,49.93,49.049999,49.860001,46.489532,20639800,0.058064516
2/14/2014,49.57,49.82,49.41,49.52,46.172512,18780600,-0.126315789
2/18/2014,49.540001,49.91,49.360001,49.380001,46.041973,16217800,-0.021448971
2/19/2014,49.009998,49.310001,48.189999,48.189999,44.932423,30294400,-0.122222222
2/20/2014,48.48,48.540001,47.889999,48.130001,44.87648,25234100,0
2/21/2014,48.220001,48.5,48.099998,48.259998,44.9977,26881700,0.006711409
2/24/2014,48.330002,49.48,48.310001,48.98,45.669018,23874000,0.184938946
2/25/2014,48.939999,49.060001,48.299999,48.400002,45.128227,20495500,0.012158055
2/26/2014,48.43,48.610001,47.68,48.32,45.053642,28822100,0.080357143
2/27/2014,48.09,48.689999,47.959999,48.689999,45.398628,18598300,0.031746032
2/28/2014,48.27,49.290001,48.110001,48.630001,45.342678,31732000,-0.468048359
3/3/2014,47.799999,48.25,47.549999,47.610001,44.391621,28678000,-0.534997731
3/4/2014,48.330002,48.959999,48.139999,48.830002,45.529167,23940500,-0.279569892
3/5/2014,49.040001,49.919998,48.959999,49.419998,46.079277,23620700,-0.048701299
3/6/2014,49.900002,50.189999,49.68,49.709999,46.349674,26967000,-0.067567568
3/7/2014,50.209999,50.41,49.369999,49.619999,46.265759,25775500,-0.188034188
3/10/2014,49.16,49.610001,49.080002,49.57,46.219135,15397100,-0.119497052
3/11/2014,49.779999,49.82,48.400002,48.43,45.156208,33244300,-0.141509434
3/12/2014,48.119999,48.139999,47.759998,47.98,44.736626,25822400,-0.032835821
3/13/2014,48.169998,48.299999,47.07,47.330002,44.130566,38925400,-0.005714286
3/14/2014,47.369999,47.82,46.790001,46.880001,43.710976,26135900,-0.201581028
3/17/2014,47.470001,47.799999,47.310001,47.73,44.503513,18928200,-0.20088062
3/18/2014,47.75,48.139999,47.5,48.139999,44.885807,19517200,-0.079245283
3/19/2014,48.220001,49.52,48.02,48.939999,45.631725,30308800,-0.077586207
3/20/2014,49.290001,50.459999,49.009998,50.220001,46.825195,33885600,-0.204433498
3/21/2014,51,51,49.860001,50.080002,46.694664,38388600,0.020325203
3/24/2014,50.200001,50.650002,49.779999,50.049999,46.666691,21170300,0.053824551
3/25/2014,50.209999,50.560001,50.049999,50.299999,46.899788,17484200,0.086486486
3/26/2014,50.529999,50.580002,49.68,50.16,46.769253,36784700,-0.495901639
3/27/2014,47.43,48.200001,47.110001,47.450001,44.242451,112601000,-0.451359084
3/28/2014,47.720001,47.75,47.029999,47.25,44.055965,39796000,-0.371287129
3/31/2014,47.529999,47.900002,47.470001,47.599998,44.382317,25651000,-0.169171386
4/1/2014,47.720001,48.25,47.650002,47.799999,44.568794,26810400,-0.315789474
4/2/2014,48.150002,48.360001,47.73,48.240002,44.97905,22354300,0
4/3/2014,47.939999,48,47.369999,47.68,44.456898,29237100,-0.347266881
4/4/2014,47.73,47.790001,46.849998,47.110001,43.925442,33010000,-0.237745098
4/7/2014,47.119999,47.169998,46.290001,46.549999,43.40329,30145300,-0.00433
4/8/2014,46.529999,46.849998,46.119999,46.599998,43.449905,26874900,-0.222030981
4/9/2014,46.779999,47.189999,46.32,47.16,43.972057,22373200,-0.246612466
4/10/2014,47.240002,47.27,46.119999,46.23,43.104919,27170000,-0.140992167
4/11/2014,45.700001,46.419998,45.18,45.68,42.592094,31063200,-0.166666667
4/14/2014,47.400002,47.799999,46.98,47.669998,44.447578,51962300,0.031948332
4/15/2014,47.959999,48.459999,47.639999,48.310001,45.044315,36511600,0.00764526
4/16/2014,48.560001,48.619999,47.580002,48.18,44.9231,24654500,-0.093366093
4/17/2014,48.189999,48.439999,47.990002,48.220001,44.9604,21360900,-0.201201201
4/21/2014,48.18,48.220001,47.77,47.84,44.606083,17044500,0.13856068
4/22/2014,47.900002,48.549999,47.849998,48.02,44.773918,18584800,-0.07424594
4/23/2014,48,48.5,47.91,48.400002,45.128227,13497900,0.01650165
4/24/2014,48.450001,48.580002,48.009998,48.330002,45.062965,14699100,0.036734694
4/25/2014,48.119999,48.419998,47.68,47.75,44.522171,18117600,-0.084677419
4/28/2014,47.639999,47.970001,47.049999,47.299999,44.102581,25780300,-0.105864382
4/29/2014,47.599998,48.200001,47.400002,48.16,44.904461,16942400,-0.038338658
4/30/2014,48.130001,48.330002,47.84,47.91,44.671352,17077200,-0.030888031
5/1/2014,47.810001,48.139999,47.59,47.759998,44.540783,10931500,0.1125
5/2/2014,47.830002,48.209999,47.490002,47.73,44.512806,15358500,-0.224489796
5/5/2014,47.200001,47.310001,46.799999,47.18,43.999878,16845800,0.019484384
5/6/2014,47.009998,47.049999,46.330002,46.360001,43.235149,21786700,0.146153846
5/7/2014,46.540001,46.830002,46.32,46.700001,43.552235,17502000,-0.015686275
5/8/2014,46.700001,47.490002,46.700001,47.139999,43.962585,16065700,-0.086538462
5/9/2014,47.040001,47.23,46.709999,46.990002,43.822689,15185800,-0.157439446
5/12/2014,47.220001,47.400002,47.040001,47.27,44.083817,13305600,-0.061856235
5/13/2014,47.349998,47.490002,47.23,47.419998,44.223713,12615200,-0.065217391
5/14/2014,47.5,47.509998,46.98,47.119999,43.943928,12405600,-0.521381579
5/15/2014,46.849998,46.939999,46.150002,46.52,43.384377,21174400,-0.257703081
5/16/2014,46.439999,46.68,46.169998,46.439999,43.309765,17186900,-0.071428571
5/19/2014,46.099998,46.790001,46.080002,46.77,43.617523,13621000,0.121133677
5/20/2014,46.619999,46.950001,46.380001,46.549999,43.41235,11789800,0.176767677
5/21/2014,46.830002,47.09,46.689999,46.849998,43.692123,12822600,0.058651026
5/22/2014,46.779999,47.150002,46.77,47.139999,43.962585,12711900,0.023255814
5/23/2014,47.23,47.400002,47.09,47.290001,44.102474,9571800,-0.125
5/27/2014,47.619999,48.349998,47.41,47.57,44.363602,24503800,0.109686613
5/28/2014,47.48,47.889999,47.310001,47.32,44.130451,14178100,0.088105727
5/29/2014,47.349998,47.5,47.209999,47.279999,44.093143,15552800,-0.034591195
5/30/2014,47.189999,47.599998,47.150002,47.57,44.363602,11538700,-0.109170306
6/2/2014,47.599998,47.959999,47.43,47.759998,44.540783,11887400,0.070231133
6/3/2014,47.509998,48.259998,47.459999,48.189999,44.941807,16105800,0.098039216
6/4/2014,48.040001,48.200001,47.82,47.880001,44.652706,13075300,-0.408163265
6/5/2014,48.009998,48.799999,47.889999,48.630001,45.35215,17048300,-0.062937063
6/6/2014,48.700001,49.200001,48.619999,48.93,45.631927,19149500,-0.036290323
6/9/2014,48.990002,49.59,48.950001,49.580002,46.238113,14235700,0.250332968
6/10/2014,49.490002,49.5,48.990002,49.330002,46.004967,12769300,0.06557377
6/11/2014,49.029999,49.27,48.639999,48.810001,45.520016,13944200,0.029661017
6/12/2014,48.619999,48.709999,48.099998,48.27,45.016415,15670200,-0.020833333
6/13/2014,48.139999,48.669998,47.119999,47.59,44.382256,34838700,-0.442434211
6/16/2014,47.470001,47.779999,47.040001,47.639999,44.428883,12790900,-0.243360431
6/17/2014,47.48,48.049999,47.349998,47.790001,44.568775,13946300,-0.117486339
6/18/2014,47.77,48,47.41,47.93,44.699337,14468500,0.045454545
6/19/2014,47.950001,47.970001,47.34,47.560001,44.354271,15747900,-0.00330033
6/20/2014,47.77,47.82,47.07,47.34,44.149105,18832900,-0.155893536
6/23/2014,47.130001,48.18,47.099998,48.060001,44.820576,18431400,0.086255411
6/24/2014,47.849998,48.48,47.709999,47.810001,44.587421,16916400,-0.006472492
6/25/2014,47.669998,48.07,47.560001,47.82,44.596748,12704600,0.011538462
6/26/2014,47.709999,47.740002,47.029999,47.23,44.046513,18875700,-0.009756098
6/27/2014,47.220001,47.34,46.919998,47.139999,43.962585,19162000,-0.023364486
6/30/2014,47.16,47.299999,47.009998,47.099998,43.925278,12290400,0.092592092
7/1/2014,47.419998,47.900002,47.220001,47.459999,44.261017,16699800,0.137440758
7/2/2014,47.540001,48.25,47.5,48.009998,44.773941,16774600,0.042056075
7/3/2014,48.380001,48.709999,48.07,48.240002,44.988445,13643100,-0.062827225
7/7/2014,48.049999,48.110001,47.59,47.98,44.74596,12052300,0.045072002
7/8/2014,47.700001,47.73,47.25,47.419998,44.223713,13808800,-0.152727273
7/9/2014,47.470001,47.669998,47.200001,47.380001,44.186409,14195300,-0.419836957
7/10/2014,46.709999,47.049999,46.549999,46.900002,43.738762,18671600,-0.134969325
7/11/2014,46.82,47.009998,46.57,47,43.832012,15205700,0.038348083
7/14/2014,48.669998,48.830002,48.349998,48.419998,45.156296,36149700,-0.083033332
7/15/2014,48.82,49.459999,48.82,49.290001,45.967663,34419100,-0.255960729
7/16/2014,49.490002,49.869999,49.400002,49.82,46.461933,23590400,-0.020280811
7/17/2014,49.5,49.98,49.16,49.18,45.865074,23847600,-0.135523614
7/18/2014,49.490002,49.810001,49.310001,49.560001,46.219463,15453900,-0.065714286
7/21/2014,49.16,49.470001,49.07,49.349998,46.023605,10920200,-0.056860203
7/22/2014,49.599998,49.830002,49.380001,49.599998,46.256752,13125500,-0.121621622
7/23/2014,49.610001,50.59,49.360001,50.18,46.797684,20099200,-0.064516129
7/24/2014,50.220001,50.470001,49.959999,50.09,46.713745,13282600,0.11627907
7/25/2014,49.990002,50.200001,49.939999,50.029999,46.657784,10082900,-0.161879896
7/28/2014,49.950001,50.080002,49.540001,49.700001,46.350021,12070400,-0.016295202
7/29/2014,49.73,49.869999,49.419998,49.419998,46.088902,13165800,0.264705882
7/30/2014,49.669998,50.27,49.630001,50,46.629799,15327600,-0.061488673
7/31/2014,49.560001,49.919998,48.91,48.91,45.622398,23550900,-0.047101449
8/1/2014,48.59,49.029999,47.900002,48.099998,44.86684,21822700,-0.290519878
8/4/2014,48.450001,48.5,48.060001,48.34,45.09071,14277000,-0.159668803
8/5/2014,48.259998,48.490002,47.650002,47.889999,44.670956,15912700,-0.417857143
8/6/2014,47.75,48.529999,47.75,48.139999,44.904148,13038300,-0.148760331
8/7/2014,48.5,48.630001,47.889999,48.060001,44.829533,12377000,0.04491018
8/8/2014,48.060001,48.5,47.779999,48.450001,45.193314,12001500,0.003597122
8/11/2014,48.549999,48.599998,48.23,48.389999,45.137352,9130300,0.121056425
8/12/2014,48.209999,48.68,48.049999,48.439999,45.18399,9238600,-0.075342466
8/13/2014,48.619999,48.889999,48.529999,48.75,45.473152,8602600,0.087649402
8/14/2014,48.830002,49.150002,48.740002,49.130001,45.827614,9693100,0.003649635
8/15/2014,49.290001,49.48,48.32,48.720001,45.445164,16215300,0.100436681
8/18/2014,49.049999,49.580002,48.970001,49.509998,46.18206,13199700,0.199667032
8/19/2014,49.529999,50.25,49.52,49.700001,46.359295,13073300,-0.178571429
8/20/2014,49.630001,49.919998,49.459999,49.799999,46.452572,9039500,-0.275641026
8/21/2014,49.970001,51.220001,49.799999,51.07,47.637211,24162400,-0.046099291
8/22/2014,50.939999,51.669998,50.73,50.93,47.506618,20002900,-0.210691824
8/25/2014,51.279999,51.990002,51.279999,51.630001,48.159557,17502900,0.120996546
8/26/2014,51.52,52.389999,51.459999,52.130001,48.625954,18384700,-0.021604938
8/27/2014,52.119999,52.27,51.68,51.860001,48.374107,13398400,0.037735849
8/28/2014,51.52,51.619999,51.279999,51.389999,47.935696,10255900,0.150259067
8/29/2014,51.529999,51.830002,51.459999,51.650002,48.17823,8981300,0.21641791
9/2/2014,51.779999,51.98,51.439999,51.959999,48.467384,11452100,0.257082379
9/3/2014,52.240002,52.529999,52.040001,52.23,48.719242,15116800,-0.02259887
9/4/2014,52.25,52.880001,52.220001,52.470001,48.943108,15694900,0.043478261
9/5/2014,52.310001,52.490002,51.720001,52.299999,48.784527,17484800,-0.058823529
9/8/2014,52.16,52.77,51.91,52.049999,48.551338,13557800,0.092944811
9/9/2014,51.639999,51.779999,51.119999,51.259998,47.814434,14584100,-0.058035714
9/10/2014,51.240002,51.990002,51.18,51.830002,48.346127,13013600,0.069124424
9/11/2014,51.610001,52.259998,51.52,52.23,48.719242,14084300,0.103603604
9/12/2014,52.200001,52.860001,52.09,52.380001,48.859154,18329200,0.135802469
9/15/2014,52.369999,52.52,51.919998,52.310001,48.793854,12805700,0.148510976
9/16/2014,52.119999,52.41,51.91,52.360001,48.840508,13221300,0.074380165
9/17/2014,52.32,53.049999,52.220001,52.389999,48.868481,20379900,0.101769912
9/18/2014,52.700001,53.900002,52.48,53.66,50.053116,27307100,-0.076190476
9/19/2014,53.98,54.130001,53.259998,53.48,49.885216,22153100,-0.258169935
9/22/2014,53.439999,53.740002,52.959999,53.040001,49.474789,16654900,-0.107542458
9/23/2014,52.75,53.25,52.75,52.84,49.288231,14586000,-0.111111111
9/24/2014,52.900002,53.32,52.490002,53.259998,49.680008,15606000,-0.063829787
9/25/2014,53.23,53.27,51.959999,51.959999,48.467384,19262500,-0.014084507
9/26/2014,51.990002,52.59,51.959999,52.490002,48.961769,10474200,-0.055793991
9/29/2014,51.75,52.27,51.32,52.049999,48.551338,13006900,0.257484407
9/30/2014,52.080002,52.490002,51.630001,51.82,48.336792,21787700,0.008163265
10/1/2014,51.68,51.849998,50.889999,51.099998,47.665195,20757500,-0.205128205
10/2/2014,50.939999,51.52,50.66,51.25,47.805115,18393400,0
10/3/2014,51.709999,52.43,51.639999,52.32,48.803188,17716300,-0.29122807
10/6/2014,52.57,52.669998,52.130001,52.279999,48.765881,12675100,-0.154656103
10/7/2014,51.990002,52.07,51.27,51.27,47.823769,16837100,-0.057142857
10/8/2014,51.209999,52.599998,51.18,52.540001,49.0084,23356300,-0.311827957
10/9/2014,52.48,52.48,51.009998,51.139999,47.702499,22423700,-0.167785235
10/10/2014,50.93,51.290001,50.110001,50.110001,46.741734,27764500,0.05
10/13/2014,50.139999,50.869999,49.860001,49.900002,46.545853,26025900,0.199235935
10/14/2014,51.150002,51.630001,50.439999,51.470001,48.010326,41368500,-0.172552977
10/15/2014,50.900002,50.93,48.110001,49.68,46.340645,55398300,-0.339658444
10/16/2014,48.98,50.209999,48.740002,49.75,46.405941,28295100,-0.168604651
10/17/2014,50.490002,50.720001,49.740002,50.07,46.704433,21969900,0.09223301
10/20/2014,50.029999,50.619999,49.959999,50.529999,47.133499,13796700,0.076360735
10/21/2014,51.040001,51.490002,50.75,51.27,47.823769,17798300,0.004201681
10/22/2014,51.27,51.799999,50.68,50.700001,47.292076,16664500,0.075829384
10/23/2014,51.25,51.900002,51.09,51.41,47.954353,15167500,-0.179282869
10/24/2014,51.439999,51.869999,51.369999,51.799999,48.318138,13284400,-0.122270742
10/27/2014,51.48,51.650002,51.169998,51.59,48.12225,12134600,0.153232
10/28/2014,51.639999,52.52,51.639999,52.439999,48.915119,16529200,-0.093596059
10/29/2014,52.48,52.75,52.09,52.650002,49.111008,16322200,-0.042918455
10/30/2014,52.619999,53.400002,52.34,53.150002,49.586823,21027700,-0.393371758
10/31/2014,53.400002,53.900002,52.990002,53.529999,49.941334,27639400,-0.349206349
11/3/2014,53.419998,53.75,53.02,53.470001,49.885365,12123000,0.104551423
11/4/2014,53.279999,53.32,52.630001,53.189999,49.624134,13618000,-0.144444444
11/5/2014,53.59,54.110001,53.259998,54.02,50.398487,18546200,0.151020408
11/6/2014,53.970001,54.299999,53.810001,53.990002,50.370499,13621300,0
11/7/2014,53.860001,54.009998,53.540001,53.75,50.146591,13479200,-0.017857143
11/10/2014,53.57,53.889999,53.540001,53.889999,50.277199,11235500,0.032113422
11/11/2014,53.900002,54.09,53.759998,53.810001,50.202564,9524300,-0.262589928
11/12/2014,53.34,53.619999,53.07,53.419998,49.838711,10271800,-0.440251572
11/13/2014,53.48,53.580002,52.98,53.439999,49.857365,12668400,-0.113013699
11/14/2014,53.310001,53.599998,53.259998,53.380001,49.801403,11345500,-0.148305085
11/17/2014,53.060001,53.639999,53.049999,53.57,49.978653,10191900,0.036431352
11/18/2014,53.560001,54.169998,53.509998,53.810001,50.202564,12907700,0.108843537
11/19/2014,53.830002,53.830002,53.380001,53.66,50.062614,8664900,-0.234042553
11/20/2014,53.25,53.57,53.110001,53.52,49.932007,9721900,-0.454894434
11/21/2014,54.07,54.349998,53.610001,53.66,50.062614,15142200,-0.284900285
11/24/2014,53.939999,54.490002,53.759998,54.400002,50.753017,13733900,-0.144783091
11/25/2014,54.400002,54.52,54.060001,54.330002,50.68771,13212100,-0.031026253
11/26/2014,54.450001,54.48,54,54.130001,50.501122,8704200,-0.010989011
11/28/2014,54,54.18,53.830002,53.970001,50.351837,5876800,-0.014680233
12/1/2014,53.799999,53.91,53.049999,53.349998,49.773411,13825700,0.007820518
12/2/2014,53.509998,54.470001,53.509998,54.360001,50.715698,15964300,-0.161812298
12/3/2014,54.470001,55.279999,54.310001,55.209999,51.50872,21221500,-0.03515625
12/4/2014,54.970001,55.43,54.689999,55.18,51.480728,13407400,-0.036585366
12/5/2014,55.52,56.490002,55.459999,56.080002,52.320389,21945900,-0.074433657
12/8/2014,55.98,56.950001,55.75,56.369999,52.590946,21799300,0.14285534
12/9/2014,55.439999,56.139999,54.689999,55.849998,52.105808,26262900,-0.45416079
12/10/2014,55.509998,55.919998,54.349998,54.470001,50.818325,22464100,-0.328358209
12/11/2014,54.650002,55.23,54.419998,54.509998,50.855644,20641300,-0.207446809
12/12/2014,53.98,54.349998,53.23,53.400002,49.820057,23137300,-0.084102564
12/15/2014,54.080002,54.080002,52.52,52.790001,49.250954,20956200,-0.059220435
12/16/2014,52.16,52.84,51.119999,51.169998,47.739563,34745200,0.026809651
12/17/2014,51.209999,52.48,51.110001,52.450001,48.933743,26918800,0.060822898
12/18/2014,53.400002,54.099998,53.130001,54.099998,50.473129,23478100,-0.011363636
12/19/2014,53.990002,54.48,53.75,54.009998,50.389156,22986200,0.221385542
12/22/2014,54.040001,54.27,53.52,53.959999,50.342518,11742300,0.128873217
12/23/2014,54.02,54.860001,53.93,54.419998,50.771675,12277000,0.136150235
12/24/2014,54.68,54.900002,54.32,54.540001,50.883633,6237400,0.084210526
12/26/2014,54.630001,54.77,54.41,54.43,50.78101,6415100,-0.310964602
12/29/2014,54.139999,55.080002,54.029999,54.73,51.06089,9887500,0.075075075
12/30/2014,54.509998,54.950001,54.25,54.84,51.163521,8188600,0.183544304
12/31/2014,54.950001,55.07,54.099998,54.110001,50.482456,10193000,0.096774194
1/2/2015,54.360001,54.689999,53.790001,54.259998,50.622402,11137800,0.203239557
1/5/2015,53.91,53.959999,52.330002,52.549999,49.027046,20945400,0.027716441
1/6/2015,52.68,52.77,50.529999,50.700001,47.30106,31989300,-0.075085324
1/7/2015,51.509998,51.549999,50.619999,51.169998,47.739563,27890800,-0.116541353
1/8/2015,51.77,52.080002,51.5,51.939999,48.457932,17467200,0.051181102
1/9/2015,52.169998,52.240002,50.77,50.779999,47.375702,20180200,-0.1875
1/12/2015,50.82,50.91,50.029999,50.380001,47.002514,22725800,-0.181818432
1/13/2015,50.66,51.23,49.610001,50.02,46.666649,23201800,-0.155131265
1/14/2015,48.959999,49.099998,47.77,49.049999,45.761684,44630800,-0.244988864
1/15/2015,48.060001,48.240002,46.91,47.23,44.06369,48799400,-0.373878365
1/16/2015,46.700001,47.689999,46.599998,47.610001,44.418217,32307000,-0.422413793
1/20/2015,47.98,48,47.150002,47.259998,44.091682,25561000,-0.086566559
1/21/2015,47.369999,48.23,47.150002,47.740002,44.539501,22873300,-0.088339223
1/22/2015,48.259998,49.75,47.93,49.57,46.246822,29652600,-0.222641509
1/23/2015,49.490002,49.759998,48.610001,48.619999,45.360508,18984700,-0.107843137
1/26/2015,48.48,49.029999,48.41,48.889999,45.612408,13817500,-0.000646998
1/27/2015,48.040001,48.650002,47.77,48.310001,45.071293,16401200,-0.13592233
1/28/2015,48.369999,48.509998,47.110001,47.110001,43.951736,26065300,-0.170731707
1/29/2015,47.07,47.779999,46.830002,47.619999,44.436981,19865700,-0.187683284
1/30/2015,47.09,47.73,46.900002,46.950001,43.811771,23729800,-0.274336283
2/2/2015,47.200001,47.77,46.900002,47.720001,44.530296,19178200,-0.012746934
2/3/2015,48.459999,49.220001,48.349998,48.880001,45.612762,25220200,0.052631579
2/4/2015,48.57,49,48.299999,48.400002,45.164841,19581800,-0.107266436
2/5/2015,48.740002,49,48.220001,48.540001,45.295483,15481900,-0.045936396
2/6/2015,49.400002,49.950001,49.060001,49.139999,45.855385,25881500,0.073076923
2/9/2015,48.860001,49.509998,48.439999,49.209999,45.920696,16364900,0.112889311
2/10/2015,50,50.060001,49.139999,49.389999,46.088661,17223700,-0.176882662
2/11/2015,49.150002,49.880001,49.110001,49.68,46.359283,13079500,-0.143939394
2/12/2015,49.939999,51.09,49.77,50.889999,47.488403,28926800,-0.075471698
2/13/2015,51.009998,51.490002,50.810001,51.200001,47.777683,17448500,-0.156862745
2/17/2015,50.950001,51.799999,50.900002,51.689999,48.234932,14569400,0.04712527
2/18/2015,51.299999,51.669998,51.09,51.419998,47.982979,17666800,0.030973451
2/19/2015,51.279999,51.540001,51.040001,51.119999,47.703033,11272000,0.192066806
2/20/2015,51.049999,51.91,50.360001,51.779999,48.318913,19429400,-0.178947368
2/23/2015,51.529999,51.540001,50.75,51.32,47.889668,15282600,0.035957186
2/24/2015,51.419998,52.299999,51.389999,51.900002,48.430893,20250900,-0.071633238
2/25/2015,51.650002,52.110001,51.549999,52.09,48.608185,10666000,-0.078864353
2/26/2015,52.029999,52.490002,51.91,52.41,48.906803,16358100,-0.098039216
2/27/2015,52.32,52.869999,52.169998,52.419998,48.916138,18588400,0.003412969
3/2/2015,52.419998,53.52,52.049999,53.490002,49.914612,19384200,-0.093694081
3/3/2015,53.939999,54,53.43,53.73,50.138569,24281900,-0.15613826
3/4/2015,53.48,53.860001,53.240002,53.669998,50.082584,14698100,-0.147177419
3/5/2015,53.709999,53.73,53.150002,53.560001,49.979942,13853800,-0.300500835
3/6/2015,53.75,54.009998,52.93,53.060001,49.513348,40296600,-0.20610687
3/9/2015,52.880001,53.169998,52.77,52.950001,49.410706,17542600,0.072398211
3/10/2015,52.07,52.299999,51.23,51.23,47.805687,29061300,0.013623978
3/11/2015,51.619999,52.759998,51.52,52.330002,48.832157,32443600,0.008665511
3/12/2015,54,54.720001,53.450001,54.080002,50.465183,50191200,-0.086538462
3/13/2015,53.900002,54.240002,53.259998,53.540001,49.961277,20780600,0.023980815
3/16/2015,53.740002,54.040001,53.400002,53.689999,50.101246,17031600,0.021228761
3/17/2015,53.209999,53.990002,53.16,53.84,50.241215,13902900,-0.354497354
3/18/2015,53.419998,53.939999,53.169998,53.720001,50.129257,18383700,-0.297348485
3/19/2015,53.57,53.619999,52.200001,52.380001,48.878811,21150000,-0.23501199
3/20/2015,52.439999,53.169998,52.41,52.98,49.438702,22466200,-0.275659824
3/23/2015,53.029999,53.049999,52.48,52.48,48.972126,13148900,-0.253161598
3/24/2015,52.349998,52.439999,51.939999,51.939999,48.46822,12887700,-0.114754098
3/25/2015,51.98,52.110001,51.349998,51.380001,47.945648,15418200,-0.327014218
3/26/2015,51.189999,51.459999,50.470001,51.189999,47.76836,21839600,-0.370460048
3/27/2015,51.490002,51.490002,50.720001,51,47.591053,16052400,-0.25
3/30/2015,51.330002,52,51.310001,51.639999,48.188274,13289200,-0.076855595
3/31/2015,51.259998,51.77,51.16,51.52,48.076298,13928900,-0.045698925
4/1/2015,51.369999,51.900002,51.009998,51.619999,48.169613,21577700,0.036253776
4/2/2015,51.68,52.220001,51.59,51.860001,48.39357,13966900,-0.043046358
4/6/2015,51.16,51.959999,50.98,51.619999,48.169613,13250800,0.064906146
4/7/2015,51.830002,51.93,51.389999,51.52,48.076298,11562700,0.02016129
4/8/2015,51.669998,52.220001,51.630001,51.889999,48.42157,11773000,-0.074074074
4/9/2015,51.73,52.209999,51.689999,52.130001,48.645523,13591400,-0.273972603
4/10/2015,52.080002,52.68,51.98,52.43,48.925468,13032000,0.02739726
4/13/2015,52.48,52.950001,52.41,52.66,49.140087,11984400,0.011933746
4/14/2015,52.93,53,52.380001,52.73,49.205418,13259700,-0.028725314
4/15/2015,52.93,53.380001,52.75,53.209999,49.653332,19041100,-0.054590571
4/16/2015,53.98,54.459999,53.799999,54.02,50.409191,38345600,0.037780401
4/17/2015,53.509998,54.099998,52.950001,53.07,49.522694,23287000,0.007537688
4/20/2015,53.299999,53.57,53.09,53.200001,49.644001,14730000,0.030015964
4/21/2015,53.349998,53.459999,52.25,52.48,48.972126,19554400,0.120689655
4/22/2015,52.52,53.380001,52.349998,53.099998,49.550682,14873400,0.056338028
4/23/2015,53.009998,53.400002,52.82,53.220001,49.66267,13049600,0.045945946
4/24/2015,53.16,53.220001,52.849998,52.900002,49.364044,10150500,0.046583851
4/27/2015,52.880001,53.389999,52.779999,52.799999,49.270741,15613000,-0.008917303
4/28/2015,52.669998,53.099998,52.25,53.02,49.476036,14134500,-0.002666667
4/29/2015,52.650002,53.990002,52.610001,53.759998,50.166561,22542400,0.12565445
4/30/2015,53.75,53.970001,52.919998,53.32,49.755981,19420600,0.169064748
5/1/2015,53.639999,53.84,53.310001,53.759998,50.166561,13147600,0.22826087
5/4/2015,53.849998,54.259998,53.740002,54.169998,50.549156,15670100,0.300277172
5/5/2015,53.990002,54.299999,53.25,53.349998,49.783974,20669100,0.193181818
5/6/2015,53.560001,53.900002,52.349998,52.82,49.289402,19414800,0.23015873
5/7/2015,52.59,53.439999,52.41,53.310001,49.793789,14954200,0.171875
5/8/2015,53.549999,54.110001,53.299999,54.02,50.456963,17333500,0.223684211
5/11/2015,53.919998,54.16,53.799999,53.970001,50.410248,13896800,0.079557597
5/12/2015,53.669998,53.98,53.23,53.740002,50.195431,13336900,-0.050108932
5/13/2015,53.720001,54.360001,53.48,54.200001,50.625076,15810400,0
5/14/2015,54.43,54.73,54.330002,54.599998,50.998699,14250800,0.158653846
5/15/2015,54.59,54.610001,54.029999,54.240002,50.662453,10377200,0.067114094
5/18/2015,54.189999,54.900002,54.169998,54.669998,51.064087,11717600,0.324708121
5/19/2015,54.790001,55.369999,54.75,55.330002,51.680553,18207400,0.346666667
5/20/2015,55.27,55.299999,54.75,54.889999,51.269569,13954600,-0.078142695
5/21/2015,54.689999,55.099998,54.610001,54.84,51.222874,11799200,-0.041749503
5/22/2015,54.779999,55.330002,54.68,54.970001,51.344296,12652000,0.084269663
5/26/2015,54.75,54.84,54.009998,54.240002,50.662453,16564500,-0.034218347
5/27/2015,54.34,54.98,54.200001,54.869999,51.250893,13699400,-0.189041096
5/28/2015,54.82,54.82,54.220001,54.549999,50.951996,13380900,-0.095367847
5/29/2015,54.459999,54.490002,53.869999,54.080002,50.512997,13841400,0.008982036
6/1/2015,54.68,55.049999,54.439999,54.450001,50.858585,18156300,0.021775608
6/2/2015,54.400002,55.02,54.130001,54.720001,51.11079,17765400,-0.105128205
6/3/2015,55.040001,56.02,55.009998,55.630001,51.960762,21240500,0
6/4/2015,55.450001,56,55.16,55.330002,51.680553,18517600,0.48
6/5/2015,56.02,56.580002,55.84,56.240002,52.530525,26500400,-0.023121387
6/8/2015,56.25,56.5,55.650002,55.650002,51.979439,14961600,0.054733732
6/9/2015,55.57,56.360001,55.220001,56,52.306362,15193100,-0.06442577
6/10/2015,56.27,57.209999,56.18,57.02,53.259087,21275600,-0.071428571
6/11/2015,57.200001,57.5,56.93,57.209999,53.436546,19187100,-0.109615385
6/12/2015,57.009998,57.25,56.669998,57.110001,53.34314,13860600,-0.049875312
6/15/2015,56.619999,56.939999,56.110001,56.650002,52.913483,17698400,0.110997724
6/16/2015,56.52,57.130001,56.360001,57.07,53.305786,13563800,0.029585799
6/17/2015,57.07,57.150002,56.380001,56.540001,52.810734,17801900,-0.075268817
6/18/2015,56.66,56.880001,55.98,56.759998,53.016232,18739300,0.010928962
6/19/2015,56.509998,56.810001,56.169998,56.23,52.521183,18840500,-0.051980198
6/22/2015,56.860001,57.209999,56.759998,56.950001,53.193695,13011600,-0.001774916
6/23/2015,57.279999,57.639999,57.119999,57.389999,53.604675,16216100,0.010273973
6/24/2015,56.66,56.990002,56.5,56.66,52.922829,19235500,-0.091168091
6/25/2015,56.990002,57.060001,56.18,56.189999,52.483826,12176200,0.025510204
6/26/2015,56.470001,56.650002,56.099998,56.34,52.623936,12148300,0.117460317
6/29/2015,55.040001,55.619999,54.849998,54.880001,51.260227,22260400,-0.047863761
6/30/2015,55.52,55.68,54.810001,55.240002,51.596485,17737400,-0.049707602
7/1/2015,56.009998,56.009998,55.240002,55.68,52.007473,17606100,0.099688474
7/2/2015,55.43,55.849998,55.07,55.369999,51.717915,12062800,-0.163522013
7/6/2015,54.790001,55.25,54.5,55.080002,51.447041,12706200,-0.048148846
7/7/2015,54.970001,55.049999,53.029999,54.5,50.905296,32011200,-0.020304569
7/8/2015,53.810001,53.810001,52.77,52.799999,49.317417,26169400,0.061290323
7/9/2015,53.84,54.150002,53.599998,53.709999,50.167397,23540400,-0.102661597
7/10/2015,54.549999,54.790001,54.299999,54.560001,50.961338,16578700,-0.047393365
7/13/2015,55.040001,55.689999,55.040001,55.540001,51.876694,18803900,-0.010120492
7/14/2015,55.369999,56.119999,55.240002,55.91,52.222301,18174900,-0.146718147
7/15/2015,56.259998,56.790001,55.950001,56.459999,52.736015,20470500,-0.094412331
7/16/2015,57.900002,58.650002,57.709999,58.59,54.725529,41084000,0.038377193
7/17/2015,58.529999,58.889999,58.34,58.75,54.874981,21055300,-0.018087855
7/20/2015,58.959999,59.299999,58.630001,58.849998,54.968372,16016600,-0.022630148
7/21/2015,58.799999,59.310001,58.799999,59.099998,55.201885,21541700,-0.312384473
7/22/2015,59.119999,60.529999,59.029999,60.34,56.3601,30156200,-0.299832496
7/23/2015,60.290001,60.950001,59.73,59.869999,55.921101,29432300,-0.094660194
7/24/2015,59.700001,59.77,58.330002,58.700001,54.828281,24760800,-0.115303983
7/27/2015,57.900002,58.330002,57.43,57.959999,54.137089,20378400,0.018201784
7/28/2015,58.450001,58.5,57.779999,58.369999,54.520035,12566700,-0.126182965
7/29/2015,58.560001,59.150002,58.43,58.919998,55.033756,14460800,0.04076087
7/30/2015,58.73,59.049999,58.299999,58.880001,55.04311,11202100,0.013651877
7/31/2015,58.790001,58.84,58.369999,58.459999,54.650478,12529300,0.016447368
8/3/2015,58.619999,58.669998,57.950001,58.439999,54.631779,10508700,-0.067257625
8/4/2015,58.369999,58.869999,58.290001,58.470001,54.659836,10984500,-0.274261603
8/5/2015,58.939999,59.25,58.599998,58.740002,54.912235,10631000,-0.05785124
8/6/2015,58.82,58.959999,57.900002,58.099998,54.313938,14707400,-0.08
8/7/2015,58.18,58.610001,57.439999,57.91,54.136314,11934000,-0.107361963
8/10/2015,58.259998,58.84,58.209999,58.740002,54.912235,10812200,-0.133240242
8/11/2015,58.009998,58.25,57.240002,57.639999,53.883911,18897600,-0.026217228
8/12/2015,56.939999,57.240002,55.310001,56.91,53.201485,27428700,-0.030651341
8/13/2015,57.029999,57.599998,56.5,57.330002,53.594116,15837900,0.09252669
8/14/2015,57.18,57.720001,57.18,57.59,53.83717,8864000,-0.179878049
8/17/2015,57.16,57.849998,56.990002,57.77,54.005451,11139200,-0.092312965
8/18/2015,57.669998,57.919998,57.400002,57.549999,53.799778,11593200,-0.337912088
8/19/2015,57.18,57.52,56.560001,57,53.28561,17673200,-0.449908925
8/20/2015,56.029999,56.310001,55.330002,55.330002,51.724445,28455500,-0.288690476
8/21/2015,54.400002,55.049999,53.580002,53.599998,50.107185,33437500,-0.151658768
8/24/2015,49.130001,52.529999,47.099998,50.34,47.059605,37767000,-0.096920853
8/25/2015,52.700001,52.75,49.880001,49.880001,46.629589,27809200,-0.063444109
8/26/2015,51.41,52.380001,50.25,52.279999,48.873196,30721900,0.06284153
8/27/2015,53.189999,53.619999,52.349998,53.439999,49.9576,26467300,-0.020671835
8/28/2015,53.09,53.560001,52.82,53.279999,49.808025,17205400,-0.109489051
8/31/2015,53.130001,53.66,52.720001,53.48,49.994995,20629000,-0.13717829
9/1/2015,52.400002,52.400002,50.290001,50.939999,47.620514,28621600,-0.097560976
9/2/2015,51.810001,52.029999,50.990002,51.75,48.377731,17515800,-0.138709677
9/3/2015,51.959999,52.709999,51.59,51.790001,48.415131,15708700,-0.165938865
9/4/2015,51.130001,51.299999,50.119999,50.59,47.293316,19054500,0.05106383
9/8/2015,51.400002,51.880001,51.02,51.650002,48.284252,17160200,-0.135558149
9/9/2015,52.400002,52.619999,50.73,50.880001,47.56443,16930900,-0.191685912
9/10/2015,50.560001,51.5,50.290001,51.07,47.742039,17467000,-0.164804469
9/11/2015,51.009998,51.150002,50.630001,51.099998,47.770096,12001800,-0.08361204
9/14/2015,51.080002,51.18,50.68,50.98,47.657913,11427000,0
9/15/2015,51.18,52.290001,51.060001,52,48.611435,17858900,-0.120653117
9/16/2015,52.259998,52.709999,51.790001,52.59,49.162998,17369500,-0.161616162
9/17/2015,52.610001,53,51.380001,51.650002,48.284252,24075200,0.63060686
9/18/2015,50.700001,50.84,50.110001,50.290001,47.012871,33404600,-0.09375
9/21/2015,50.82,51.099998,50.360001,50.709999,47.40551,14936600,-0.078244068
9/22/2015,49.950001,50.450001,49.860001,50.380001,47.097012,19610600,-0.118181818
9/23/2015,50.400002,50.650002,49.950001,50.119999,46.853954,13680200,-0.103448276
9/24/2015,49.66,49.75,48.75,49.130001,45.928471,32241000,-0.113772455
9/25/2015,50.169998,50.720001,49.869999,50.549999,47.255928,22341800,0.01754386
9/28/2015,50.630001,50.700001,48.950001,49.029999,45.834988,21919800,0.054302859
9/29/2015,49.049999,49.450001,48.470001,49,45.806938,16485000,-0.098507463
9/30/2015,49.810001,49.84,48.900002,49.610001,46.377193,17629000,0.013333333
10/1/2015,49.419998,50,49.220001,49.889999,46.638943,16291000,0.009661836
10/2/2015,48.509998,49.880001,47.709999,49.880001,46.629589,27320900,-0.090410959
10/5/2015,50.400002,51.34,50.34,51.16,47.826172,14881200,-0.044893335
10/6/2015,51.049999,51.5,50.830002,51.060001,47.732697,12602100,-0.205479452
10/7/2015,51.48,51.849998,50.889999,51.32,47.975742,16572000,0.002267574
10/8/2015,51.09,51.84,50.75,51.650002,48.284252,16903000,-0.051948052
10/9/2015,51.82,52.02,50.93,51.380001,48.031845,14341200,-0.073654391
10/12/2015,51.360001,51.490002,50.880001,51.279999,47.938358,11187000,0.135938774
10/13/2015,50.849998,51.709999,50.830002,51.209999,47.872921,13337900,-0.041984733
10/14/2015,51.07,51.220001,50.380001,50.720001,47.414856,22288000,0.031818182
10/15/2015,51.830002,53.18,51.119999,52.970001,49.51823,31023100,0.04601227
10/16/2015,53.34,53.360001,52.57,52.689999,49.256477,17569200,0.054945055
10/19/2015,52.360001,53.18,52.330002,52.860001,49.415401,13616200,0.125569355
10/20/2015,52.860001,53.200001,52.599998,52.84,49.396706,11195800,-0.0625
10/21/2015,52.990002,53.16,51.790001,51.810001,48.433823,15577800,-0.128939828
10/22/2015,52.18,52.869999,52.150002,52.509998,49.088203,22320500,-0.065625
10/23/2015,53,53.669998,52.950001,53.639999,50.144573,19927100,-0.105839416
10/26/2015,53.23,53.59,52.75,53.110001,49.649113,14530700,0.000907995
10/27/2015,52.709999,52.91,52.240002,52.610001,49.181686,13232400,0
10/28/2015,52.860001,54.959999,52.709999,54.73,51.163544,23403900,-0.026755853
10/29/2015,54.5,55.060001,53.619999,53.66,50.209141,23153900,-0.104868914
10/30/2015,53.75,53.82,52.93,53.169998,49.750656,18430200,-0.013452915
11/2/2015,53.450001,54.049999,53.34,53.830002,50.368206,11999700,0.144137572
11/3/2015,53.560001,54.389999,53.52,54.16,50.676975,13518300,-0.154109589
11/4/2015,54.369999,54.5,53.66,53.830002,50.368206,16985200,-0.046511628
11/5/2015,53.779999,54.400002,53.75,54.150002,50.667622,13632500,-0.009478673
11/6/2015,55.77,56.459999,55.490002,55.869999,52.277004,21654400,-0.01056338
11/9/2015,55.919998,56.189999,55.07,55.709999,52.1273,19921800,0.071009794
11/10/2015,55.529999,56.169998,55,55.799999,52.21151,17657400,0.056910569
11/11/2015,56.119999,56.139999,54.779999,54.900002,51.369392,15834000,0.06557377
11/12/2015,54.52,54.52,53.450001,53.459999,50.022003,17735000,-0.047021944
11/13/2015,53.169998,53.580002,52.669998,53.169998,49.750656,16828800,-0.135048232
11/16/2015,52.959999,53.689999,52.490002,53.689999,50.237206,14896600,0.105958399
11/17/2015,53.889999,54.220001,53.23,53.490002,50.050068,14845300,-0.197916667
11/18/2015,53.849998,55.029999,53.759998,54.98,51.444244,19100300,-0.22907489
11/19/2015,54.880001,55.299999,54.740002,55.060001,51.519108,11997500,-0.10619469
11/20/2015,55.369999,55.369999,54.549999,54.75,51.229042,14896000,-0.183673469
11/23/2015,54.669998,54.84,54.150002,54.279999,50.789261,14547100,0.034056707
11/24/2015,53.810001,54.509998,53.709999,54.18,50.69569,12950900,-0.13
11/25/2015,54.290001,54.330002,53.759998,54.080002,50.602131,9859400,-0.086792453
11/27/2015,54.060001,54.369999,53.720001,54.209999,50.723766,5483300,-0.137931034
11/30/2015,54.34,54.459999,53.970001,54.09,50.611488,14603100,0.104558102
12/1/2015,54.400002,54.91,54.25,54.880001,51.350677,11856000,-0.097122302
12/2/2015,54.990002,55.02,54.029999,54.139999,50.658264,15288800,-0.061002179
12/3/2015,54.419998,54.599998,53.349998,53.509998,50.068779,19750000,-0.23880597
12/4/2015,53.66,55.330002,53.52,55.09,51.547173,21464100,-0.085959885
12/7/2015,54.77,54.880001,53.91,54.400002,50.901554,15077300,0.006300366
12/8/2015,53.84,54.009998,53.18,53.389999,49.956501,14785500,-0.135802469
12/9/2015,53.049999,53.810001,52.310001,52.810001,49.413799,19903700,-0.230483271
12/10/2015,52.889999,53.240002,52.169998,52.650002,49.264088,16333800,-0.112540193
12/11/2015,51.939999,52.209999,50.669998,51.110001,47.82312,24093500,-0.15625
12/14/2015,51.139999,51.73,50.5,51.099998,47.813774,21586800,-0.061349149
12/15/2015,51.849998,52.799999,51.849998,52.52,49.142452,21642300,-0.170731707
12/16/2015,53.040001,54.009998,52.299999,53.900002,50.433708,26044800,-0.125
12/17/2015,54.009998,54.200001,52.709999,52.84,49.441872,17179600,-0.062953995
12/18/2015,52.459999,52.68,51.16,51.209999,47.916695,25509600,-0.23566879
12/21/2015,51.709999,51.91,51.080002,51.790001,48.459393,16929000,-0.119597398
12/22/2015,51.990002,52.130001,51.389999,52.009998,48.665253,13241300,-0.104166667
12/23/2015,52.299999,52.639999,52.080002,52.630001,49.245384,14950200,-0.070063694
12/24/2015,52.48,52.970001,52.450001,52.709999,49.320236,4671200,0.060810811
12/28/2015,52.57,52.57,51.959999,52.380001,49.011463,8761700,-0.078516784
12/29/2015,52.759998,53.220001,52.740002,52.98,49.572876,10155100,-0.019138756
12/30/2015,52.84,52.939999,52.25,52.299999,48.9366,8763300,-0.013157895
12/31/2015,52.07,52.389999,51.75,51.75,48.421963,11281800,0.065868263
1/4/2016,50.75,51.189999,50.189999,51.130001,47.841839,23440200,0.042206704
1/5/2016,51.540001,51.610001,50.41,50.860001,47.589203,17444900,0
1/6/2016,50.099998,50.580002,49.759998,50.119999,46.896793,22501800,0
1/7/2016,49.07,49.380001,47.5,47.560001,44.501427,37902900,-0.29
1/8/2016,48.73,48.740002,46.029999,46.130001,43.163395,30643000,-0.012931034
1/11/2016,46.560001,46.990002,45.93,46.849998,43.837093,26284600,0.060727016
1/12/2016,47.5,47.5,46.27,46.880001,43.865154,26310000,-0.209726444
1/13/2016,47.32,47.349998,44.970001,45.189999,42.283833,27925800,-0.023460411
1/14/2016,45.419998,45.82,44.57,45.380001,42.461617,30129500,-0.083950617
1/15/2016,42.509998,43.689999,41.849998,42.470001,39.73877,52452600,-0.148867314
1/19/2016,42.849998,43.119999,41.66,41.939999,39.242847,39032700,0.192937236
1/20/2016,40.52,41.029999,39.439999,40.490002,37.886097,49905400,-0.144414169
1/21/2016,40.509998,41.389999,40.029999,40.150002,37.567959,34976700,-0.174097665
1/22/2016,41.049999,41.349998,40.82,41.060001,38.419437,30187200,-0.10619469
1/25/2016,40.810001,40.959999,39.450001,39.549999,37.006538,31924000,-0.084373467
1/26/2016,39.599998,40.790001,39.5,40.5,37.895451,23508400,-0.191729323
1/27/2016,40.369999,41.689999,40.23,40.560001,37.951591,28274800,-0.185410334
1/28/2016,41.200001,41.389999,40.07,40.389999,37.839176,23212800,-0.05511811
1/29/2016,40.799999,42.59,40.779999,42.580002,39.890869,36107600,-0.06884058
2/1/2016,42.360001,42.830002,42,42.48,39.797176,22860300,0.090085969
2/2/2016,41.860001,41.860001,40.279999,40.419998,37.867279,31460900,-0.221864952
2/3/2016,40.650002,40.709999,38.040001,40.360001,37.811069,43680300,-0.217665615
2/4/2016,40.110001,41.57,40.049999,40.790001,38.213917,26732600,0.567114094
2/5/2016,41.02,41.439999,39.549999,39.860001,37.342651,23599700,-0.186781609
2/8/2016,39.139999,39.18,37.18,37.810001,35.422112,35237100,-0.290298965
2/9/2016,36.93,38.07,36.68,37.509998,35.141056,39767200,-0.222222222
2/10/2016,38.5,39.09,37.380001,37.41,35.047379,33390000,-0.193333333
2/11/2016,36,36.16,34.52,34.98,32.770844,48945600,-0.241645244
2/12/2016,36.029999,37.869999,35.98,37.540001,35.169167,38120400,-0.133550489
2/16/2016,38.59,39.220001,38.32,38.889999,36.433907,31802500,-0.025593522
2/17/2016,39.709999,40.290001,39.5,39.779999,37.267693,29133500,-0.161716172
2/18/2016,39.93,39.990002,38.619999,38.919998,36.462017,24107700,-0.364705882
2/19/2016,38.82,39.060001,38.060001,38.990002,36.527592,22426000,-0.347368421
2/22/2016,39.669998,39.970001,39.299999,39.52,37.024117,22028600,0
2/23/2016,39.119999,39.189999,38.040001,38.220001,35.806225,26234200,-0.019055636
2/24/2016,37.439999,38.18,36.610001,38.09,35.684433,25912400,-0.081920904
2/25/2016,38.23,38.650002,38.009998,38.619999,36.180962,19889500,-0.132850242
2/26/2016,39.060001,40.02,38.759998,39.5,37.005379,23757400,-0.230508475
2/29/2016,39.43,39.799999,38.849998,38.849998,36.396431,22268700,-0.344060023
3/1/2016,39.150002,41.290001,39.099998,41.27,38.663601,30606800,-0.157593123
3/2/2016,41.240002,42.25,41.09,42.220001,39.5536,28383800,-0.124183007
3/3/2016,42.139999,42.869999,41.889999,42.830002,40.125076,21835200,-0.068627451
3/4/2016,43.07,43.59,42.470001,42.830002,40.125076,28071000,-0.09540636
3/7/2016,42.360001,42.93,42.080002,42.610001,39.918964,22134600,0.067884069
3/8/2016,42.150002,42.310001,40.990002,41.049999,38.457493,26265000,-0.099378882
3/9/2016,41.360001,41.43,40.630001,41.150002,38.551174,18573900,-0.23890785
3/10/2016,41.610001,42.150002,40.610001,41.369999,38.757282,21139800,-0.126984127
3/11/2016,42.27,43.009998,41.759998,42.990002,40.274975,21068500,-0.251101322
3/14/2016,42.66,42.91,42.209999,42.669998,39.975182,15332700,0.054342205
3/15/2016,42.259998,42.619999,41.970001,42.59,39.90023,13784700,-0.225531915
3/16/2016,42.130001,43.049999,41.5,42.23,39.562965,22981000,-0.233766234
3/17/2016,41.990002,42.93,41.380001,42.849998,40.14381,24262800,-0.353846154
3/18/2016,43.43,43.970001,43.25,43.540001,40.790234,30801900,-0.233463035
3/21/2016,43.43,44.259998,43.25,43.599998,40.846447,16226400,-0.081156637
3/22/2016,43.27,43.630001,42.91,43.380001,40.640339,14885100,0
3/23/2016,43.279999,43.5,42.279999,42.369999,39.694126,23989200,-0.093333333
3/24/2016,41.779999,41.939999,41.029999,41.939999,39.29129,22723400,-0.102222222
3/28/2016,42.099998,42.18,41.68,41.919998,39.272545,13062400,-0.133841211
3/29/2016,41.779999,41.779999,41.139999,41.720001,39.085186,18160100,-0.125766871
3/30/2016,41.98,42.59,41.849998,41.880001,39.235077,14763200,-0.196363636
3/31/2016,41.830002,42.34,41.59,41.75,39.113289,15661700,-0.195195195
4/1/2016,41.52,42.599998,41.299999,42.470001,39.787815,17749500,-0.220812183
4/4/2016,42.360001,42.700001,41.98,42.060001,39.403706,14376300,-0.078786425
4/5/2016,41.450001,41.900002,41.119999,41.509998,38.888443,17867800,0
4/6/2016,41.529999,41.889999,41.189999,41.860001,39.216339,16169900,-0.282685512
4/7/2016,41.299999,41.48,39.950001,40.27,37.726757,22618000,-0.255131965
4/8/2016,40.860001,41.279999,40.369999,40.470001,37.914127,14676100,-0.159159159
4/11/2016,40.740002,41.509998,40.709999,41.119999,38.523075,21083700,0.097179101
4/12/2016,41.279999,41.959999,41.119999,41.900002,39.253815,19888700,-0.12034384
4/13/2016,42.549999,44.490002,42.549999,44.25,41.455395,33135400,-0.065843621
4/14/2016,44.139999,45.290001,44.02,44.98,42.139301,26885100,0.02244389
4/15/2016,46.450001,46.560001,44.599998,44.919998,42.08308,39168600,-0.178781925
4/18/2016,44.419998,45.25,44.209999,45.110001,42.261078,22929900,-0.296230749
4/19/2016,45.419998,45.93,45.23,45.630001,42.748245,18833300,-0.24754902
4/20/2016,45.740002,46.75,45.73,46.740002,43.788147,21645700,-0.216216216
4/21/2016,46.790001,46.950001,46.23,46.599998,43.656982,21538600,-0.194888179
4/22/2016,46.689999,47.349998,46.619999,46.970001,44.003616,17425900,-1
4/25/2016,46.630001,46.93,46.139999,46.689999,43.741299,13480500,-0.088917112
4/26/2016,46.709999,47.16,46.419998,47.099998,44.125404,15573600,-0.264705882
4/27/2016,46.889999,47.84,46.790001,47.330002,44.340878,19444700,-0.003597122
4/28/2016,46.790001,47.529999,46.549999,46.73,43.825066,18399500,-0.103004292
4/29/2016,46.52,46.860001,46.060001,46.279999,43.403038,23922700,-0.0625
5/2/2016,46.540001,46.830002,45.900002,46.68,43.778175,13802500,-0.119645611
5/3/2016,45.77,45.830002,44.98,45.57,42.737183,21186200,-0.036199095
5/4/2016,44.880001,45.02,44.169998,44.66,41.883747,24310500,-0.05
5/5/2016,44.779999,45.080002,44.16,44.23,41.48048,14912000,0.004347826
5/6/2016,43.810001,44.419998,43.720001,44.41,41.649292,17632500,-0.201923077
5/9/2016,44.310001,44.610001,43.650002,43.889999,41.16161,14251900,-0.149259001
5/10/2016,44.34,44.900002,44.110001,44.84,42.052567,13608900,-0.044444444
5/11/2016,44.66,45.380001,44.459999,44.470001,41.705563,15997900,0.22265625
5/12/2016,44.84,45.169998,43.77,44,41.264778,15551500,-0.090128755
5/13/2016,43.98,44.57,43,43.110001,40.430107,19433500,-0.175675676
5/16/2016,43.110001,43.5,42.939999,43.150002,40.467621,17158400,-0.037770483
5/17/2016,43.07,43.889999,42.810001,43.700001,40.983425,19943000,-0.08994709
5/18/2016,43.75,46.139999,43.75,45.869999,43.018528,37645200,-0.137323944
5/19/2016,45.599998,46.060001,44.630001,45.060001,42.258884,23036100,-0.092920354
5/20/2016,45.419998,45.700001,44.790001,44.900002,42.108829,19610200,-0.21719457
5/23/2016,44.849998,45.18,44.57,45.110001,42.305782,15050500,-0.205039633
5/24/2016,45.450001,46.189999,45.310001,45.860001,43.009151,18976500,-0.163934426
5/25/2016,46.189999,47.599998,46.189999,46.939999,44.022018,23944600,-0.291105121
5/26/2016,47.040001,47.119999,46.07,46.110001,43.24361,16956600,-0.307971014
5/27/2016,46.240002,46.669998,46.080002,46.580002,43.684391,13854500,-0.065384615
5/31/2016,46.880001,46.900002,46.310001,46.57,43.675014,21404000,-0.019048548
6/1/2016,46.040001,46.990002,45.48,46.939999,44.022018,17212500,-0.156976744
6/2/2016,46.860001,47.060001,46.599998,46.970001,44.050159,15483800,-0.075555556
6/3/2016,45.110001,45.599998,44.25,45.389999,42.568375,36961500,-0.087412587
6/6/2016,45.389999,46.259998,45.209999,45.740002,42.896618,17321400,-0.15762662
6/7/2016,46.040001,46.099998,45.509998,45.540001,42.709045,12089800,-0.132716049
6/8/2016,45.48,45.900002,45.299999,45.560001,42.727806,13147300,-0.178571429
6/9/2016,45.18,45.209999,44.650002,45.009998,42.211994,17069000,-0.259786477
6/10/2016,44.27,44.400002,43.68,43.900002,41.170998,23071100,-0.409736308
6/13/2016,43.23,44.060001,43.150002,43.16,40.476994,20612100,-0.148297438
6/14/2016,43.040001,43.540001,41.52,41.959999,39.351593,27621300,-0.289285714
6/15/2016,42.299999,42.889999,41.970001,42.009998,39.398483,21934200,-0.16194332
6/16/2016,41.610001,42.18,41.150002,42.119999,39.50164,19904800,-0.296167247
6/17/2016,42.439999,42.939999,42.150002,42.48,39.839264,25113400,-0.264957265
6/20/2016,43.459999,44.049999,42.779999,42.799999,40.139374,20244000,-0.095953317
6/21/2016,43.169998,43.209999,42.470001,42.919998,40.251919,14714900,-0.205357143
6/22/2016,42.869999,43.43,42.639999,42.68,40.02684,18087600,-0.233333333
6/23/2016,43.509998,44.5,43.470001,44.459999,41.696182,25703000,-0.148
6/24/2016,40.630001,41.389999,40.259998,40.299999,37.794781,71849800,-0.124610592
6/27/2016,39.580002,39.639999,38.310001,38.48,36.087925,53380200,-0.24995462
6/28/2016,39.810001,40.630001,39.200001,40.439999,37.926075,38605600,-0.076305221
6/29/2016,41.139999,42.189999,40.900002,42.119999,39.50164,34004100,-0.095505618
6/30/2016,42.68,42.799999,41.68,42.389999,39.754868,34485400,0.01384083
7/1/2016,42.299999,42.689999,41.970001,42.169998,39.548534,19399600,0.02173913
7/5/2016,41.380001,41.5,40.419998,40.779999,38.244942,25571100,0.07386737
7/6/2016,40.150002,41.080002,40.029999,41.060001,38.507545,27713900,-0.160714286
7/7/2016,41.330002,42.060001,41.09,41.290001,38.723244,24585500,-0.302469136
7/8/2016,41.799999,42.27,41.630001,41.98,39.370358,29468600,-0.259649123
7/11/2016,42.389999,42.75,42.290001,42.290001,39.661076,19752600,-0.059459277
7/12/2016,42.82,43.48,42.759998,43.439999,40.73959,23803600,-0.364102564
7/13/2016,43.330002,43.68,43.02,43.330002,40.636425,20488200,-0.258522727
7/14/2016,44.380001,44.77,44.119999,44.450001,41.686802,37093600,-0.223376623
7/15/2016,44.450001,45.029999,43.849998,44.330002,41.574272,29198800,-0.191747573
7/18/2016,44.279999,44.900002,44.240002,44.57,41.799347,18683900,-0.201740644
7/19/2016,44.189999,44.689999,44.060001,44.349998,41.593018,15297300,-0.25739645
7/20/2016,44.529999,44.700001,44.200001,44.470001,41.705563,16547100,-0.260759494
7/21/2016,44.5,44.700001,44.110001,44.130001,41.386696,14924900,-0.21402214
7/22/2016,44.099998,44.360001,43.830002,44.299999,41.546131,12764200,-0.162303665
7/25/2016,44.310001,44.360001,43.91,44.040001,41.302288,14391400,-0.093984201
7/26/2016,43.93,44.240002,43.900002,44.150002,41.405457,16152500,-0.174528302
7/27/2016,44.200001,44.709999,44.130001,44.290001,41.536751,17814200,-0.252427184
7/28/2016,44,44.169998,43.68,44.080002,41.489689,13239600,-0.30418251
7/29/2016,43.869999,44.16,43.759998,43.810001,41.235561,13773700,-0.108626198
8/1/2016,43.919998,44.02,43.240002,43.419998,40.868469,14794400,-0.187467693
8/2/2016,43.23,43.630001,42.5,42.990002,40.463741,20089100,-0.315412186
8/3/2016,42.93,43.939999,42.860001,43.889999,41.310848,14708300,-0.383141762
8/4/2016,43.740002,44.040001,43.66,43.84,41.263798,11747900,-0.379562044
8/5/2016,44.630001,45.73,44.509998,45.720001,43.033314,28566800,-0.224324324
8/8/2016,45.830002,46.16,45.48,45.959999,43.259212,16861600,-0.157037109
8/9/2016,45.950001,46.110001,45.669998,45.900002,43.20274,12203800,-0.373076923
8/10/2016,45.799999,45.900002,45.389999,45.450001,42.779186,16566700,-0.275229358
8/11/2016,45.509998,45.91,45.290001,45.73,43.042732,14819400,-0.401486989
8/12/2016,45.41,45.599998,45.220001,45.580002,42.901539,12472900,-0.240121581
8/15/2016,45.82,46.5,45.82,46.389999,43.663944,12252700,0.09736284
8/16/2016,46.25,46.790001,46.139999,46.619999,43.880424,15202100,-0.125
8/17/2016,46.509998,46.799999,46.380001,46.630001,43.889839,17899300,-0.12244898
8/18/2016,46.57,46.700001,46.209999,46.5,43.767483,14190300,-0.251798561
8/19/2016,46.34,46.59,46.02,46.529999,43.795723,12207600,-0.271653543
8/22/2016,46.419998,46.75,46.25,46.66,43.918076,11007500,-0.104868091
8/23/2016,46.900002,47.060001,46.59,46.59,43.852192,13345500,-0.168224299
8/24/2016,46.630001,47.119999,46.540001,46.66,43.918076,16054400,-0.297709924
8/25/2016,46.509998,46.82,46.470001,46.720001,43.974564,16520200,-0.220930233
8/26/2016,46.830002,47.240002,46.700001,47.110001,44.341637,23338500,-0.240343348
8/29/2016,47.189999,47.689999,47.110001,47.259998,44.482819,16700000,-0.065191715
8/30/2016,47.259998,47.93,47.220001,47.900002,45.085209,17519800,-0.132075472
8/31/2016,47.959999,48.18,47.25,47.740002,44.934612,20826600,-0.304832714
9/1/2016,47.82,48.029999,46.759998,47.360001,44.576942,19403900,-0.212851406
9/2/2016,47.5,47.709999,47.009998,47.509998,44.718124,16293000,-0.341463415
9/6/2016,47.509998,47.650002,46.650002,47.290001,44.511059,17649500,-0.134113273
9/7/2016,47,47.639999,46.860001,47.48,44.689896,13610600,-0.235602094
9/8/2016,47.459999,48.07,47.32,47.790001,44.981678,15856400,-0.096385542
9/9/2016,47.900002,48.169998,47.169998,47.169998,44.398106,20468100,-0.105527638
9/12/2016,46.639999,47.869999,46.330002,47.790001,44.981678,22074800,-0.091708076
9/13/2016,46.900002,47.290001,46.610001,46.919998,44.1628,19885000,-0.284848485
9/14/2016,46.889999,47.439999,46.68,46.75,44.002792,19778400,-0.08
9/15/2016,46.75,47.32,46.59,47.080002,44.3134,14133200,-0.128205128
9/16/2016,46.599998,46.790001,46.240002,46.41,43.68277,24820800,-0.471428571
9/19/2016,46.619999,47.240002,46.509998,46.59,43.852192,12759700,-0.193708573
9/20/2016,47.040001,47.189999,46.450001,46.540001,43.80513,13749400,-0.059139785
9/21/2016,47,47.279999,46.290001,46.900002,44.143978,16605200,-0.010869565
9/22/2016,46.990002,47.299999,46.75,47.110001,44.341637,16247600,-0.050691244
9/23/2016,47.02,47.459999,46.84,47.150002,44.379288,14793500,-0.018292683
9/26/2016,46.509998,46.630001,45.830002,45.889999,43.193325,22646700,0.010991494
9/27/2016,45.52,46.48,45.16,46.369999,43.645119,16165700,-0.093264249
9/28/2016,46.580002,46.91,46.099998,46.869999,44.115734,15871600,-0.27037037
9/29/2016,46.799999,47.400002,45.41,45.799999,43.108612,28066800,-0.223776224
9/30/2016,46.330002,47.5,46.060001,47.23,44.454582,25563100,-0.163043478
10/3/2016,47.02,47.259998,46.779999,47.029999,44.266335,13819800,-0.15652108
10/4/2016,47.099998,48.43,47.080002,47.75,44.944027,25542000,-0.018518519
10/5/2016,48.009998,48.880001,48.009998,48.650002,45.791138,18173400,-0.013215859
10/6/2016,48.830002,49.09,48.369999,49.07,46.186466,15721000,0.014492754
10/7/2016,49,49.41,48.68,49.279999,46.384117,16584000,-0.090909091
10/10/2016,49.459999,49.959999,49.369999,49.549999,46.638248,14022700,-0.23713417
10/11/2016,49.279999,49.650002,48.689999,48.990002,46.111168,16033300,-0.124378109
10/12/2016,48.970001,49.220001,48.66,48.700001,45.838203,14407300,-0.059925094
10/13/2016,47.919998,48.68,47.540001,48.470001,45.621719,22302200,-0.072289157
10/14/2016,49.599998,49.950001,48.389999,48.610001,45.753494,28291800,-0.009955752
10/17/2016,48.59,49.139999,48.41,48.599998,45.744072,16655000,-0.044070516
10/18/2016,49.18,49.290001,48.810001,48.990002,46.111168,18159900,0.099378882
10/19/2016,49.110001,49.709999,49.029999,49.48,46.572369,14663600,0.037190083
10/20/2016,49.459999,49.900002,49.209999,49.580002,46.666489,13522600,0.053398058
10/21/2016,49.07,49.630001,48.98,49.57,46.657074,12728600,-0.094059406
10/24/2016,49.82,49.880001,49.52,49.580002,46.666489,10753500,-0.060698566
10/25/2016,49.490002,49.810001,49.299999,49.59,46.6759,9790500,-0.387978142
10/26/2016,49.27,50.060001,49.209999,50.009998,47.07122,13960000,0.265765766
10/27/2016,50.32,50.599998,49.900002,49.93,46.995922,19181400,0.126582278
10/28/2016,49.98,50.119999,48.950001,49.560001,46.647659,17780300,-0.058510638
10/31/2016,49.740002,49.860001,49.139999,49.150002,46.261753,15173400,0.050117856
11/1/2016,49.400002,49.669998,48.400002,48.939999,46.064098,20691100,-0.114583333
11/2/2016,48.630001,48.73,48.16,48.540001,45.687603,15824100,0.021621622
11/3/2016,48.529999,48.990002,48.02,48.189999,45.508175,16224300,0.151162791
11/4/2016,48.110001,48.799999,47.700001,48.169998,45.489288,14152500,-0.083601286
11/7/2016,49.259998,49.84,49.209999,49.82,47.047466,19357600,-0.032091982
11/8/2016,49.419998,50.029999,49.040001,49.91,47.132454,17548300,-0.133004926
11/9/2016,50.07,51.939999,49.470001,51.59,48.718971,59210400,-0.166666667
11/10/2016,52.049999,54.200001,51.740002,53.610001,50.626553,52067300,0.023890785
11/11/2016,52.759998,53.16,51.599998,52.830002,49.889965,41858600,0.064257028
11/14/2016,53.040001,54.889999,53,54.68,51.637001,43113100,0.016680009
11/15/2016,53.990002,55.470001,53.709999,55.450001,52.364151,33433800,-0.069958848
11/16/2016,54.209999,55,54.209999,54.630001,51.589787,24200100,-0.07641196
11/17/2016,54.599998,55.98,54.360001,55.450001,52.364151,24579000,-0.066433566
11/18/2016,55.380001,55.84,54.98,55.459999,52.373589,24990000,-0.021818182
11/21/2016,55.959999,55.990002,55.139999,55.540001,52.449142,20410400,0.101125799
11/22/2016,55.66,56.150002,55.43,56.099998,52.977974,21975900,-0.103092784
11/23/2016,56.299999,56.830002,55.810001,56.689999,53.535145,19906300,0.048648649
11/25/2016,56.599998,56.799999,56.189999,56.779999,53.620132,11488200,-0.01002854
11/28/2016,55.860001,56.349998,55.43,55.470001,52.383038,23645000,0.09576749
11/29/2016,55.5,55.939999,55.32,55.52,52.43026,15725400,-0.258474576
11/30/2016,56.23,56.720001,56.060001,56.389999,53.251835,24395100,-0.167346939
12/1/2016,56.77,57.57,56.540001,57.27,54.082863,27592500,-0.104347826
12/2/2016,57.200001,57.240002,55.93,56.02,52.902431,25110300,-0.067357513
12/5/2016,56.610001,57.529999,56.580002,57.279999,54.092308,24404500,-0.050773889
12/6/2016,57.98,58.080002,57,57.919998,54.696693,21487500,-0.014084507
12/7/2016,57.889999,59.16,57.889999,59.060001,55.773251,30517600,-0.14532872
12/8/2016,59.400002,60.799999,59.049999,60.150002,56.802589,32536000,0.026022305
12/9/2016,59.959999,60.220001,59.220001,60.040001,56.698719,22804900,-0.024489796
12/12/2016,59.450001,60.09,58.869999,59.549999,56.235981,21879400,-0.123589079
12/13/2016,59.630001,59.970001,58.759998,59.790001,56.462624,22014500,-0.215053763
12/14/2016,58.959999,60.799999,58.830002,59.450001,56.141548,31399400,-0.153846154
12/15/2016,60.099998,60.619999,59.560001,60.23,56.878136,22389300,-0.012552301
12/16/2016,60.59,60.610001,59.639999,59.75,56.424854,28405900,0.176470588
12/19/2016,59.490002,59.779999,58.919998,59.66,56.339863,17654400,0.126798881
12/20/2016,59.919998,60.799999,59.919998,60.799999,57.41642,23439800,-0.068627451
12/21/2016,60.700001,60.91,60.150002,60.75,57.369202,15090200,-0.006097561
12/22/2016,60.66,60.93,60.41,60.490002,57.123672,14571100,-0.123287671
12/23/2016,60.529999,61,60.380001,60.990002,57.595852,9314000,-0.181818182
12/27/2016,61.029999,61.299999,60.849998,61.09,57.690277,9544000,-0.048337893
12/28/2016,61,61.200001,59.98,60.040001,56.698719,17127400,0.028571429
12/29/2016,60.02,60.119999,58.68,59.380001,56.075439,17121200,-0.216
12/30/2016,59.5,59.799999,59.189999,59.43,56.122665,16588500,-0.011111111
1/3/2017,60.68,61.09,59.75,60.59,57.218105,18322400,0.107708774
1/4/2017,60.689999,61.630001,60.610001,61.41,57.992474,16947500,-0.01910828
1/5/2017,60.970001,61.43,59.91,60.34,56.982021,18317900,0.047297297
1/6/2017,60.68,60.84,60.080002,60.549999,57.180328,16778400,-0.18404908
1/9/2017,60.150002,60.639999,59.669998,60.220001,56.868702,14593000,0.002684678
1/10/2017,60.200001,60.849998,59.950001,60.23,56.878136,13483300,-0.306930693
1/11/2017,59.66,60,59.25,59.959999,56.623161,20737600,-0.172932331
1/12/2017,59.529999,59.82,58.759998,59.23,55.933792,22778900,-0.196531792
1/13/2017,59.450001,60.32,59.380001,59.630001,56.311535,21045200,-0.081967213
1/17/2017,59.009998,59.32,58.029999,58.380001,55.131088,25013800,-0.020751933
1/18/2017,57.990002,58.279999,57.099998,57.389999,54.196186,29276200,0.107413011
1/19/2017,57.529999,57.599998,56.389999,56.66,53.506813,24932400,-0.303738318
1/20/2017,56.950001,57.119999,56.029999,56.110001,52.987423,27722300,-0.267716535
1/23/2017,56.119999,56.290001,55.419998,55.68,52.581352,23130200,-0.115858952
1/24/2017,55.959999,57.150002,55.68,56.740002,53.582359,18416400,-0.290993072
1/25/2017,57.900002,57.919998,57.099998,57.689999,54.479492,21492900,-0.37254902
1/26/2017,57.599998,57.98,57.049999,57.360001,54.167854,20792700,-0.279202279
1/27/2017,57.389999,57.41,56.720001,57.110001,53.931774,17074200,-0.177358491
1/30/2017,56.509998,56.68,55.759998,56.610001,53.459595,17537600,-0.210980604
1/31/2017,56.330002,56.959999,55.580002,55.830002,52.723003,29221000,-0.213793103
2/1/2017,56.720001,56.98,55.880001,56.049999,52.930759,17441500,-0.21025641
2/2/2017,55.490002,56.209999,55.23,55.98,53.015991,15586800,-0.078534031
2/3/2017,57.040001,57.880001,56.59,57.759998,54.701752,21404100,-0.030567686
2/6/2017,57.509998,58.349998,57.34,57.639999,54.5881,15680200,-0.239628014
2/7/2017,58,58.07,57.009998,57.189999,54.16193,13996900,0.053571429
2/8/2017,56.919998,56.919998,56.139999,56.32,53.337994,18626600,-0.239583333
2/9/2017,56.32,57.540001,56.32,57.259998,54.228222,18054100,-0.156097561
2/10/2017,57.82,57.950001,57.130001,57.630001,54.578625,14421700,-0.277777778
2/13/2017,57.990002,59.369999,57.990002,58.950001,55.828743,22779800,-0.284796341
2/14/2017,59,60.110001,58.75,59.830002,56.662144,22359300,-0.109195402
2/15/2017,60.16,60.869999,59.700001,60.5,57.296669,22423900,-0.096296296
2/16/2017,60.349998,60.5,59.759998,60.380001,57.183025,15916600,-0.038461538
2/17/2017,59.700001,60.169998,59.400002,60.169998,56.984138,15120600,-0.075144509
2/21/2017,60.290001,60.689999,60.23,60.549999,57.344017,15812700,-0.166552587
2/22/2017,60.18,60.950001,60.02,60.619999,57.410316,16025700,-0.245
2/23/2017,60.639999,60.84,60.23,60.619999,57.410316,14624400,-0.096938776
2/24/2017,59.880001,60.18,59.110001,59.560001,56.406445,19900300,-0.232142857
2/27/2017,59.560001,60.240002,59.41,60.02,56.842087,15711400,-0.20928457
2/28/2017,59.669998,60.09,59.48,59.810001,56.643208,17237500,-0.086705202
3/1/2017,61.200001,61.939999,61,61.540001,58.281601,26421700,-0.063414634
3/2/2017,61.68,61.869999,60.59,60.630001,57.419792,17270300,-0.146892655
3/3/2017,60.389999,61.25,60.330002,61,57.770199,15178600,-0.234899329
3/6/2017,60.799999,60.880001,60.259998,60.279999,57.088322,14979400,0.0364035
3/7/2017,60.189999,60.709999,59.779999,60.5,57.296669,17297800,-0.17721519
3/8/2017,61.560001,62.529999,61.060001,61.110001,57.874371,30724000,-0.087628866
3/9/2017,61.360001,62.09,61.23,61.549999,58.29108,21429300,-0.068965517
3/10/2017,61.939999,62.029999,60.919998,61.490002,58.234257,17421900,-0.087837838
3/13/2017,61.540001,61.790001,60.98,61.529999,58.272137,13481500,-0.037943584
3/14/2017,61.330002,61.470001,60.810001,61.439999,58.186897,11819700,0.073170732
3/15/2017,61.700001,61.779999,60.459999,60.84,57.618668,20086900,0.006493506
3/16/2017,61.049999,61.41,60.77,61.150002,57.912258,15198300,0.00729927
3/17/2017,61.16,61.27,60.200001,60.369999,57.173557,32281900,-0.027472527
3/20/2017,60.099998,60.380001,59.59,59.59,56.43486,14813800,0.037405343
3/21/2017,60.130001,60.200001,57.950001,58.040001,54.966923,34140400,0.073298429
3/22/2017,57.41,58.389999,56.900002,57.77,54.71122,25648500,0.128342246
3/23/2017,57.759998,58.82,57.529999,58.049999,54.976391,16916500,-0.242038217
3/24/2017,58.330002,58.540001,57.610001,58.07,54.995331,13504400,-0.083333333
3/27/2017,56.849998,58.450001,56.549999,58.330002,55.241566,17257200,0.072528406
3/28/2017,58.189999,59.66,58.119999,59.419998,56.273853,15391100,-0.067873303
3/29/2017,59.529999,59.880001,59.27,59.389999,56.245445,13457400,-0.09202454
3/30/2017,59.389999,60.830002,59.360001,60.509998,57.306137,14886200,0.021621622
3/31/2017,60.310001,60.509998,59.790001,59.82,56.652672,14407900,-0.117283951
4/3/2017,59.93,60.09,58.650002,59.68,56.520092,15460500,-0.068571429
4/4/2017,59.290001,59.950001,59.200001,59.68,56.520092,9745600,-0.103960396
4/5/2017,60.5,61.02,59.529999,59.59,56.43486,20295200,-0.029787234
4/6/2017,59.439999,60.23,59.009998,59.889999,56.718975,13806000,-0.121693122
4/7/2017,59.330002,59.889999,59.259998,59.43,56.283329,13449300,-0.064655172
4/10/2017,59.360001,59.98,58.98,59.279999,56.141266,12096700,0.042218181
4/11/2017,58.68,59.049999,58.080002,59.029999,55.904507,15247800,-0.054347826
4/12/2017,59.09,59.130001,58.27,58.509998,55.412037,15223400,0.071729958
4/13/2017,58.299999,59.73,57.68,58.040001,54.966923,31784400,0.150337838
4/17/2017,58.360001,59.060001,57.93,58.990002,55.866623,14657300,-0.108575998
4/18/2017,58.580002,58.889999,58.07,58.419998,55.326801,16891000,-0.115879828
4/19/2017,58.849998,59.099998,57.599998,57.73,54.673332,18104200,-0.227906977
4/20/2017,58.169998,58.650002,57.549999,58.41,55.317333,17074800,-0.18579235
4/21/2017,58.380001,58.439999,57.630001,57.720001,54.663868,15255900,-0.236641221
4/24/2017,59.18,59.709999,59.07,59.439999,56.292793,24400300,-0.130191273
4/25/2017,60.080002,60.790001,60,60.209999,57.022026,21593500,-0.029605263
4/26/2017,60.040001,60.700001,59.959999,60.099998,56.91785,16058000,-0.207843137
4/27/2017,59.98,59.990002,58.93,59.389999,56.395584,14025900,-0.122807018
4/28/2017,59.360001,59.57,59.049999,59.119999,56.139191,11917100,-0.056122449
5/1/2017,59.389999,60.060001,59.16,59.459999,56.462051,12879400,-0.255961223
5/2/2017,59.450001,59.720001,58.93,59.709999,56.699444,11471900,-0.133027523
5/3/2017,59.5,60.330002,59.299999,60.240002,57.202724,12845300,-0.080924855
5/4/2017,60.700001,60.939999,60.09,60.209999,57.174236,14509800,-0.018404908
5/5/2017,60.490002,60.580002,60.099998,60.240002,57.202724,11484300,0.066037736
5/8/2017,60.150002,60.73,60.119999,60.5,57.449615,8458300,-0.022909034
5/9/2017,60.650002,61.040001,60.07,60.23,57.19323,13179900,-0.146919431
5/10/2017,60.099998,60.639999,60,60.369999,57.326172,11607300,-0.156756757
5/11/2017,60.25,60.919998,59.919998,60.700001,57.63953,16314000,0.02
5/12/2017,60.360001,61.099998,60.209999,61.07,57.990875,15393200,-0.266666667
5/15/2017,61.220001,61.700001,61.09,61.419998,58.323235,14838500,-0.07571469
5/16/2017,61.490002,62.580002,61.380001,62.490002,59.339279,21199500,0.029126214
5/17/2017,62.490002,62.490002,59.669998,59.98,56.95583,33251400,-0.068292683
5/18/2017,59.73,60.599998,59.099998,60.080002,57.050789,25142200,-0.030120482
5/19/2017,60.41,61.77,60.240002,61.099998,58.01936,20266600,-0.026845638
5/22/2017,61.41,61.549999,60.720001,61.060001,57.98138,11744800,0.06871606
5/23/2017,61.09,61.950001,60.73,61.709999,58.598606,12414300,-0.105660377
5/24/2017,61.84,62.439999,61.66,62.27,59.130379,16102700,-0.029069767
5/25/2017,62.25,62.689999,61.779999,61.950001,58.826508,13368600,-0.139037433
5/26/2017,61.869999,62.330002,61.650002,62.07,58.940456,10850300,-0.156950673
5/30/2017,61.790001,62.07,61.509998,61.639999,58.532143,12603800,-0.12966551
5/31/2017,61.59,61.599998,59.869999,60.540001,57.487602,23150500,-0.285087719
6/1/2017,60.889999,61.09,60.169998,61.080002,58.000378,13922400,-0.114427861
6/2/2017,60.330002,61.599998,60.299999,61.110001,58.028858,13643600,-0.050561798
6/5/2017,61.040001,61.77,60.959999,61.25,58.161804,10024900,0.021841688
6/6/2017,60.68,61.169998,60.439999,61.009998,57.933903,10764300,-0.137724551
6/7/2017,61.209999,62.23,61.099998,61.880001,58.760033,16056100,0.049382716
6/8/2017,61.880001,63.82,61.720001,63.209999,60.02298,25925700,0.195652174
6/9/2017,63.84,64.739998,63.509998,64.449997,61.200451,31488800,-0.087323944
6/12/2017,64.510002,65.400002,64.07,64.32,61.077011,27444400,0.057290857
6/13/2017,64.879997,65.260002,64.330002,64.690002,61.428368,18749000,-0.024305556
6/14/2017,64.25,64.919998,63.5,64.720001,61.456844,20791600,-0.005464481
6/15/2017,64.309998,64.940002,63.939999,64.099998,60.868107,15111500,-0.014285714
6/16/2017,64.160004,64.230003,63.709999,63.889999,60.66869,19549900,-0.177419355
6/19/2017,64.400002,64.889999,64.260002,64.480003,61.228954,13264800,0.165223665
6/20/2017,64.309998,64.419998,63.91,63.91,60.687683,12162800,-0.0234375
6/21/2017,63.889999,64.260002,63.610001,63.830002,60.611725,13532800,-0.094339623
6/22/2017,63.619999,63.91,63.34,63.619999,60.412312,11344700,0.017857143
6/23/2017,64.050003,64.18,63.16,63.41,60.212891,16395300,-0.088888889
6/26/2017,63.549999,64.120003,63.209999,63.779999,60.564243,14978000,0.079413179
6/27/2017,64.239998,64.860001,64.010002,64.230003,60.991547,16416300,0.130434783
6/28/2017,65,65.360001,64.519997,65.18,61.89365,24015200,0.005882353
6/29/2017,67.650002,67.75,66.260002,66.980003,63.602905,40827200,-0.061085973
6/30/2017,67.559998,67.589996,66.720001,66.879997,63.507935,15832300,0.041420118
7/3/2017,67.239998,68.910004,67.239998,68.260002,64.818367,16488300,0.107754954
7/5/2017,68.330002,68.730003,67.949997,68.449997,64.998787,17783100,0.053527757
7/6/2017,68.449997,68.760002,67.57,67.629997,64.220131,17960700,0.076502732
7/7/2017,68.029999,68.300003,67.440002,67.910004,64.486015,14735300,0.056179775
7/10/2017,67.690002,68.040001,67.440002,67.650002,64.239105,12613800,0.140871246
7/11/2017,67.5,67.57,66.599998,66.82,63.450962,17134600,0.139737991
7/12/2017,66.760002,67.199997,66.540001,66.919998,63.545921,16881700,0.155737705
7/13/2017,67.150002,67.290001,66.690002,67.019997,63.640873,20152000,-0.02238806
7/14/2017,66.32,66.93,65.519997,66.720001,63.356007,20742300,0.017001546
7/17/2017,66.760002,67.099998,66.419998,66.830002,63.460457,17498000,-0.057084331
7/18/2017,66.440002,67.099998,66.220001,66.889999,63.517426,15965900,-0.055555556
7/19/2017,67.150002,67.360001,66.5,66.699997,63.337017,12687300,-0.118320611
7/20/2017,66.620003,67.040001,66.330002,66.360001,63.014164,14027600,-0.064981949
7/21/2017,66.099998,66.440002,65.889999,66,62.672306,14075500,-0.184684685
7/24/2017,65.919998,66.43,65.910004,66.099998,62.767273,14848400,-0.310932892
7/25/2017,67.93,68.419998,67.809998,68.029999,64.599945,30833600,-0.040983607
7/26/2017,68.470001,68.839996,67.790001,67.980003,64.552475,19228500,-0.008955224
7/27/2017,68,68.720001,67.360001,67.599998,64.191628,22650200,-0.081196581
7/28/2017,67.419998,67.769997,67,67.43,64.030212,13604500,-0.146118721
7/31/2017,67.870003,68.650002,67.519997,68.449997,64.998787,23059300,-0.030036137
8/1/2017,69.089996,69.620003,68.75,69.599998,66.090797,22974700,-0.017621145
8/2/2017,69.57,69.650002,68.82,69.419998,65.919868,19095600,-0.179347826
8/3/2017,68.93,69.199997,68.010002,68.129997,64.994522,20937900,-0.167785235
8/4/2017,68.790001,69.410004,68.709999,68.980003,65.805389,18148400,-0.05
8/7/2017,69.129997,69.260002,68.690002,69.040001,65.86264,12961100,-0.094140018
8/8/2017,69,69.860001,68.82,68.879997,65.709999,16645900,-0.104477612
8/9/2017,68.120003,68.480003,67.919998,68.43,65.280716,19195700,-0.107142857
8/10/2017,68,68.129997,67.150002,67.220001,64.126396,19147200,-0.20952381
8/11/2017,67.07,67.470001,66.589996,66.800003,63.725735,15172800,-0.208888889
8/14/2017,67.610001,68.129997,67.410004,67.889999,64.765564,15120200,-0.249316931
8/15/2017,68.580002,68.959999,67.879997,67.970001,64.841881,15472000,-0.141630901
8/16/2017,68.150002,68.370003,67.389999,67.709999,64.593842,15064500,-0.190751445
8/17/2017,67.309998,67.650002,66.510002,66.599998,63.53492,14487900,-0.235955056
8/18/2017,66.389999,67.360001,66.18,66.580002,63.515858,13628900,-0.021857923
8/21/2017,66.580002,66.779999,65.860001,65.949997,62.914833,15791100,-0.005959752
8/22/2017,66.290001,66.93,66.25,66.849998,63.773418,13247000,-0.130434783
8/23/2017,66.209999,67.57,66.209999,67.230003,64.135941,10031600,-0.019480519
8/24/2017,67.449997,67.910004,66.949997,67.690002,64.574768,11524800,0.035211268
8/25/2017,67.800003,68.239998,67.709999,67.849998,64.727409,11883100,0
8/28/2017,68.080002,68.18,67.43,67.809998,64.68924,10797600,-0.094564772
8/29/2017,66.699997,67.769997,66.510002,67.480003,64.374443,12448000,-0.014388489
8/30/2017,67.699997,68.389999,67.690002,68.010002,64.880035,9152000,0.122699387
8/31/2017,68.150002,68.290001,67.75,68.029999,64.899109,12439300,-0.080357143
9/1/2017,68.110001,69.029999,67.980003,68.580002,65.423813,10720600,-0.02739726
9/5/2017,67.769997,67.940002,66.760002,67.160004,64.069168,17649500,-0.035809693
9/6/2017,67.459999,67.599998,66.849998,67.32,64.221786,11849400,-0.159763314
9/7/2017,67.389999,67.440002,65.690002,66.059998,63.019783,20307800,-0.225609756
9/8/2017,65.970001,66.919998,65.870003,66.169998,63.124714,13438000,-0.166666667
9/11/2017,66.760002,67.790001,66.370003,67.709999,64.593842,17287000,-0.205916874
9/12/2017,68.220001,69.25,68.099998,68.790001,65.624138,15495400,-0.120603015
9/13/2017,68.690002,69.529999,68.459999,69.389999,66.196533,17467300,-0.285106383
9/14/2017,69.349998,69.75,69.209999,69.239998,66.053436,15022100,-0.090425532
9/15/2017,69.120003,69.379997,68.910004,69.040001,65.86264,18360900,-0.348314607
9/18/2017,69.379997,70.93,69.269997,70.599998,67.350838,18027800,-0.167379292
9/19/2017,70.300003,71.699997,70.300003,71.150002,67.875526,15466000,0.013636364
9/20/2017,71.379997,72.199997,70.82,71.459999,68.171257,19788100,0.030701754
9/21/2017,71.449997,72.129997,71.150002,71.760002,68.457458,11509200,0.018796992
9/22/2017,71.599998,71.639999,71.010002,71.400002,68.114029,10446600,0.110671937
9/25/2017,71.209999,71.510002,70.32,70.839996,67.579796,10762800,-0.141817096
9/26/2017,70.849998,71.239998,70.510002,70.940002,67.675186,11553800,-0.194444444
9/27/2017,72.190002,72.970001,71.910004,72.279999,68.953514,18092200,-0.078291815
9/28/2017,72.610001,72.860001,72.019997,72.650002,69.306503,13845900,-0.170212766
9/29/2017,72.550003,72.900002,72.360001,72.739998,69.392349,12777300,-0.085714286
10/2/2017,73.07,73.889999,72.910004,73.800003,70.40358,13386300,-0.154573086
10/3/2017,73.980003,74.379997,73.849998,74.129997,70.718384,11925100,-0.157657658
10/4/2017,74.18,74.739998,73.93,74.059998,70.651604,12904100,-0.00921659
10/5/2017,74.07,75.93,73.849998,75.720001,72.235207,19701200,-0.147410359
10/6/2017,75.809998,76.019997,75.099998,75.639999,72.15889,16119900,-0.159695817
10/9/2017,75.830002,75.879997,75.089996,75.389999,71.920403,12830800,-0.162228995
10/10/2017,75.400002,75.540001,74.629997,75.18,71.720062,13866600,-0.36677116
10/11/2017,74.970001,75.330002,74.660004,74.940002,71.491104,18597900,-0.131487889
10/12/2017,75.82,76.139999,72.269997,72.370003,69.039383,40166300,-0.114849188
10/13/2017,72.099998,72.339996,70.910004,72.110001,68.791351,30907300,-0.308793456
10/16/2017,71.379997,72.580002,71.370003,71.769997,68.466995,21169200,-0.18306798
10/17/2017,72.239998,72.720001,72,72.190002,68.867661,15743800,-0.129251701
10/18/2017,72.660004,73.330002,72.550003,73.120003,69.754868,15126700,-0.221818182
10/19/2017,72.349998,72.940002,71.709999,72.879997,69.525909,12322700,-0.013215859
10/20/2017,73.760002,73.879997,73.18,73.529999,70.145996,15634600,-0.080985915
10/23/2017,73.480003,74.010002,73.43,73.529999,70.145996,10821500,-0.145746915
10/24/2017,73.959999,74.75,73.730003,74.239998,70.823318,15260200,-0.255208333
10/25/2017,74.480003,74.629997,73.260002,73.620003,70.231865,17188100,-0.051851852
10/26/2017,73.660004,74.25,73.599998,73.790001,70.394035,13213100,-0.231958763
10/27/2017,73.43,73.980003,73.010002,73.870003,70.47036,11309900,-0.3046875
10/30/2017,73.209999,73.910004,73.18,73.779999,70.384491,10556900,-0.233156989
10/31/2017,73.870003,74.089996,73.260002,73.5,70.117378,11733500,-0.145299145
11/1/2017,73.989998,74.519997,73.809998,74.029999,70.622986,11361900,-0.198979592
11/2/2017,73.949997,74.849998,73.330002,74.739998,71.300316,12997500,-0.204633205
11/3/2017,74.220001,74.389999,73.839996,74.050003,70.945831,10692600,-0.037634409
11/6/2017,73.589996,74.029999,73.169998,73.800003,70.706306,12636600,-0.216229451
11/7/2017,73.779999,74,72.32,72.709999,69.661995,17255700,-0.151639344
11/8/2017,72.389999,72.57,71.519997,72.339996,69.307503,18710600,0
11/9/2017,71.720001,72.760002,71.449997,72.43,69.393738,15496600,0.25
11/10/2017,72.529999,72.860001,72.110001,72.25,69.221283,12853100,-0.232081911
11/13/2017,71.669998,72.150002,71.480003,71.989998,68.972168,13500600,-0.202144365
11/14/2017,71.650002,71.809998,71.040001,71.529999,68.531448,13188900,-0.100574713
11/15/2017,70.620003,72.07,70.019997,71.730003,68.723091,17541800,-0.02166065
11/16/2017,72.110001,72.32,71.510002,71.669998,68.665596,12415600,-0.092
11/17/2017,71.160004,71.830002,70.940002,71.330002,68.339844,11813000,-0.01734104
11/20/2017,71.769997,72.300003,71.279999,72.050003,69.029671,10000000,-0.159077618
11/21/2017,72.5,72.589996,72.129997,72.379997,69.345833,9632100,-0.246963563
11/22/2017,72.449997,73.150002,72.260002,72.260002,69.230858,9146200,-0.265536723
11/24/2017,72.410004,72.519997,71.989998,72.019997,69.000923,4676100,-0.117094734
11/27/2017,71.989998,72.360001,71.309998,71.389999,68.397331,12615200,-0.199068734
11/28/2017,71.440002,74,71.129997,73.699997,70.610497,18048300,0.030418251
11/29/2017,75.129997,75.769997,74.050003,75.040001,71.894318,21876400,-0.155102041
11/30/2017,75.730003,76.889999,75.150002,75.5,72.335037,23179600,-0.109756098
12/1/2017,75.709999,76.239998,73.779999,75.510002,72.344627,18269800,-0.138888889
12/4/2017,77.019997,77.919998,76.620003,77.099998,73.867958,23151400,-0.101591152
12/5/2017,76.980003,77.279999,76.190002,76.540001,73.331436,16045900,-0.039800995
12/6/2017,76.239998,76.5,75.089996,75.440002,72.277557,16612500,-0.297202797
12/7/2017,74.669998,75.32,74.260002,74.980003,71.83683,19173400,-0.184
12/8/2017,75.059998,75.720001,74.970001,75.709999,72.536232,12460900,-0.160621762
12/11/2017,75.940002,76.129997,75.529999,75.849998,72.670357,10461700,-0.017454717
12/12/2017,76.040001,76.800003,75.519997,76.150002,72.957802,18381900,-0.005988024
12/13/2017,75.949997,76.32,75.050003,75.139999,71.990128,20231600,-0.102857143
12/14/2017,75.230003,75.43,73.779999,73.919998,70.821266,24778500,0.010309278
12/15/2017,74.449997,75.150002,74.269997,74.769997,71.635635,37121100,-0.037037037
12/18/2017,75.279999,76.010002,75.269997,75.669998,72.49791,16449300,-0.108079711
12/19/2017,76.099998,76.150002,74.650002,74.699997,71.568573,17655100,-0.157894737
12/20/2017,75.349998,75.769997,74.610001,74.660004,71.530251,17644000,-0.206896552
12/21/2017,74.980003,76.080002,74.940002,75.82,72.641632,14085700,0.048076923
12/22/2017,75.889999,75.989998,75.050003,75.489998,72.325455,12006600,-0.108974359
12/26/2017,75.449997,75.720001,74.419998,74.779999,71.645218,10882100,-0.09193921
12/27/2017,74.669998,75.080002,74.519997,74.889999,71.75061,10845100,-0.056
12/28/2017,74.910004,75.169998,74.839996,75.080002,71.932655,8759800,-0.300411523
12/29/2017,75.169998,75.290001,74.379997,74.410004,71.290741,10074900,-0.365079365
1/2/2018,75.089996,75.18,74.019997,74.360001,71.242813,15819800,-0.160732733
1/3/2018,74.349998,74.739998,73.970001,74.589996,71.463181,14657900,-0.158536585
1/4/2018,75.010002,76.110001,74.660004,75.510002,72.344627,16864900,-0.140425532
1/5/2018,75.709999,75.769997,74.959999,75.410004,72.24881,15300500,-0.199203187
1/8/2018,75.169998,75.239998,74.330002,74.529999,71.405701,14215700,-0.109268743
1/9/2018,74.760002,75.889999,74.610001,75.309998,72.153,14209500,-0.090047393
1/10/2018,75.699997,76.279999,75.370003,75.650002,72.478752,14008000,-0.208955224
1/11/2018,75.980003,76.019997,75.139999,75.559998,72.392509,15459900,-0.146226415
1/12/2018,75.900002,76.959999,75.779999,76.839996,73.618851,16946700,0.0472103
1/16/2018,77.760002,78.440002,76.790001,77.110001,73.877541,26181400,-0.024964793
1/17/2018,76.889999,77.660004,76.099998,77.470001,74.22245,20958400,-0.246119734
1/18/2018,77.660004,77.699997,77.080002,77.389999,74.145805,15420800,-0.131782946
1/19/2018,77.57,78.379997,77.43,78.300003,75.01767,17814000,-0.106122449
1/22/2018,78.239998,78.900002,78.050003,78.589996,75.295502,11561100,-0.161625372
1/23/2018,78.459999,78.889999,77.959999,78.550003,75.257179,10080000,-0.116883117
1/24/2018,78.959999,79.709999,78.660004,79.449997,76.119438,18108600,-0.007575758
1/25/2018,79.849998,80.389999,79.209999,79.440002,76.109879,16178800,-0.150406504
1/26/2018,79.610001,80.080002,78.959999,80.080002,76.723038,12807800,-0.203539823
1/29/2018,80.120003,80.699997,79.830002,79.959999,76.60807,14611100,-0.078013343
1/30/2018,79.199997,79.599998,78.610001,78.620003,75.324249,15816900,-0.1
1/31/2018,78.779999,79.389999,78.190002,78.480003,75.190117,16266300,0.01183432
2/1/2018,78.269997,79.230003,78.139999,79.199997,75.879921,12437200,-0.046242775
2/2/2018,78.650002,79.059998,76.879997,77.019997,74.090675,18561200,-0.171428571
2/5/2018,75.519997,77.220001,72.199997,73.269997,70.483299,31087800,-0.39561102
2/6/2018,71.519997,75.190002,71.150002,74.82,71.974358,32116700,-0.205882353
2/7/2018,74.769997,76.080002,74.32,74.989998,72.137878,18908400,-0.244444444
2/8/2018,75.07,75.25,71.800003,71.870003,69.136559,24941100,-0.037656904
2/9/2018,73.019997,74.279999,71,73.68,70.877693,26616500,-0.149253731
2/12/2018,74.470001,75.5,73.970001,74.760002,71.916634,16677700,-0.086931353
2/13/2018,74.339996,75.379997,74.150002,75.18,72.320663,11749100,-0.169811321
2/14/2018,75.029999,76.860001,74.730003,76.709999,73.792458,16261300,-0.138513514
2/15/2018,77.18,77.459999,76.400002,77.080002,74.148399,11066400,-0.212389381
2/16/2018,76.800003,77.370003,76.610001,76.82,73.898285,11644900,-0.130177515
2/20/2018,76.639999,77.230003,76.089996,76.459999,73.551971,12040900,-0.129987901
2/21/2018,76.400002,78.419998,76.400002,77,74.071426,15888800,-0.181818182
2/22/2018,77.279999,77.480003,75.940002,76.269997,73.369194,16049500,-0.203448276
2/23/2018,76.480003,77.110001,76.199997,77.080002,74.148399,12481200,-0.155223881
2/26/2018,77.230003,77.739998,76.720001,77.650002,74.696716,17288300,-0.184863268
2/27/2018,77.519997,77.879997,76.349998,76.379997,73.475014,19977200,-0.304216867
2/28/2018,76.599998,77.129997,75.449997,75.489998,72.618866,19329900,-0.235294118
3/1/2018,75.5,75.940002,73.199997,73.660004,70.858475,23803200,-0.304147465
3/2/2018,73.169998,73.870003,71.879997,73.68,70.877693,21061200,-0.223577236
3/5/2018,73.07,74.940002,72.699997,74.419998,71.589561,16814600,-0.1510986
3/6/2018,74.93,74.989998,73.75,74.059998,71.243248,14891200,0.057377049
3/7/2018,73.18,74.080002,72.860001,73.919998,71.108574,14654900,-0.028225806
3/8/2018,74.139999,74.230003,73.129997,74.110001,71.291359,10878600,-0.175965665
3/9/2018,74.949997,76.370003,74.599998,76.110001,73.215279,15939200,-0.163568773
3/12/2018,75.949997,76.529999,75.919998,76.019997,73.1287,13398200,-0.084973553
3/13/2018,76.139999,76.410004,74.660004,74.910004,72.060928,12636600,-0.204347826
3/14/2018,75.279999,75.290001,73.32,73.470001,70.67569,18485700,-0.133828996
3/15/2018,73.779999,73.870003,73.010002,73.339996,70.550629,13334000,-0.120535714
3/16/2018,73.169998,74.139999,73.150002,73.470001,70.67569,33033700,-0.073298429
3/19/2018,73.470001,73.5,71.919998,72.699997,69.934982,15131400,-0.161959789
3/20/2018,73.050003,73.529999,72.709999,72.919998,70.146622,13113500,-0.054852321
3/21/2018,73.18,74.269997,72.690002,73.32,70.531395,16374700,-0.145061728
3/22/2018,72.330002,72.480003,69.870003,70.309998,67.63588,27652300,-0.153522608
3/23/2018,70.32,70.470001,67.75,67.900002,65.317543,31458900,-0.155913978
3/26/2018,69.110001,70.010002,68.290001,69.779999,67.126038,19156100,-0.07898848
3/27/2018,70.239998,70.620003,67.610001,68.279999,65.683083,21610800,-0.092
3/28/2018,68.480003,69.040001,67.529999,68.260002,65.663857,21712000,-0.098701299
3/29/2018,68.519997,69.669998,67.5,67.5,64.932747,22621300,-0.133561644
4/2/2018,68.330002,69.040001,66.550003,67.709999,65.134758,29975600,-0.259827597
4/3/2018,68.050003,68.660004,67.419998,68.480003,65.875481,18822600,-0.132841328
4/4/2018,67.160004,69.559998,67.050003,69.309998,66.673912,15651300,-0.108949416
4/5/2018,70.07,70.809998,69.900002,70.220001,67.549309,16120700,-0.092537313
4/6/2018,69.519997,70.290001,67.93,68.599998,65.990921,21543500,-0.098214286
4/9/2018,69.059998,70.940002,68.989998,69.440002,66.798973,17036500,-0.148001675
4/10/2018,71.050003,71.239998,70.290001,70.510002,67.82827,16022300,-0.109137056
4/11/2018,69.970001,70.599998,69.550003,69.889999,67.23185,15645500,-0.134408602
4/12/2018,70.470001,72.5,70.470001,72.129997,69.386658,24488100,-0.024229075
4/13/2018,73.209999,73.379997,69.830002,71.010002,68.309258,31356000,0.005524862
4/16/2018,71.089996,71.339996,69.760002,70.07,67.405014,18877000,-0.066950686
4/17/2018,70.650002,70.93,69.470001,69.739998,67.087555,18233400,-0.073619632
4/18/2018,69.809998,70.360001,68.849998,68.980003,66.356461,15382900,-0.149501661
4/19/2018,69.099998,70.610001,69.099998,70.279999,67.60701,15531600,-0.129277567
4/20/2018,70.400002,70.839996,69.75,70,67.337677,17629900,-0.214788732
4/23/2018,70,70.269997,69.400002,69.480003,66.837456,11596400,-0.218862546
4/24/2018,69.760002,70.620003,68.400002,69.120003,66.491142,16233700,-0.132743363
4/25/2018,68.769997,69.769997,68.050003,69.360001,66.722015,16059700,-0.246212121
4/26/2018,69.110001,69.589996,68.900002,69.18,66.548866,13829700,-0.110344828
4/27/2018,69,69.440002,68.739998,68.989998,66.366089,10420100,-0.115079365
4/30/2018,69.199997,69.589996,68.25,68.269997,65.673462,12237900,-0.239681568
5/1/2018,68.239998,68.290001,67.419998,68.25,65.654228,11602700,-0.155462185
5/2/2018,67.949997,69.019997,67.75,67.989998,65.404114,15287300,-0.339100346
5/3/2018,67.800003,68.230003,66.550003,67.940002,65.35601,16325500,-0.256505576
5/4/2018,67.050003,68.269997,66.970001,67.940002,65.665298,12512000,-0.325581395
5/7/2018,68.269997,68.669998,68.139999,68.5,66.206566,11801800,-0.339933141
5/8/2018,69.650002,71.449997,69.389999,71,68.622856,23603200,-0.121004566
5/9/2018,71.230003,72,70.760002,71.949997,69.541039,15900700,-0.298611111
5/10/2018,71.959999,72.93,71.589996,72.57,70.140289,11488900,-0.282442748
5/11/2018,72.529999,73.239998,72.459999,72.860001,70.420586,11531400,-0.212598425
5/14/2018,72.93,73.300003,72.5,72.620003,70.188614,12615500,-0.29031953
5/15/2018,72.510002,73.019997,72.360001,72.68,70.246605,12483300,-0.377708978
5/16/2018,72.440002,72.760002,71.809998,71.949997,69.541039,11796000,-0.265517241
5/17/2018,71.730003,72.040001,71.07,71.559998,69.164093,14876000,-0.333333333
5/18/2018,71.260002,71.32,69.889999,69.959999,67.617676,16160700,-0.425170068
5/21/2018,70.650002,70.870003,70.300003,70.43,68.071938,9798500,-0.430406421
5/22/2018,70.790001,71.690002,70.510002,71.080002,68.70018,14147100,-0.203389831
5/23/2018,70.650002,70.699997,69.230003,70.239998,67.88829,13626700,-0.296875
5/24/2018,69.839996,69.889999,68.489998,69.309998,66.989433,16553700,-0.341463415
5/25/2018,68.93,68.93,68.209999,68.440002,66.148567,16008700,-0.374468085
5/29/2018,67.120003,67.5,65.199997,65.709999,63.509972,37721400,-0.45786388
5/30/2018,66.559998,66.879997,66.150002,66.68,64.447487,19040500,-0.248091603
5/31/2018,66.550003,66.949997,65.75,66.690002,64.457161,22633000,-0.252788104
6/1/2018,67.489998,68.029999,67.080002,67.279999,65.027397,14914400,-0.31147541
6/4/2018,67.440002,67.769997,67,67.339996,65.085396,10468900,-0.31864766
6/5/2018,67.080002,67.089996,66.459999,66.760002,64.524811,14072700,-0.334210526
6/6/2018,67.209999,68.419998,67.099998,68.230003,65.945595,14862400,-0.25631769
6/7/2018,68.93,69,67.970001,68.449997,66.158234,16505300,-0.238297872
6/8/2018,68.129997,68.519997,67.769997,68.470001,66.177559,11609500,-0.26993865
6/11/2018,68.919998,69.169998,68.07,68.110001,65.829613,13941500,-0.215159886
6/12/2018,68.260002,68.57,67.440002,67.610001,65.346352,13737100,-0.390804598
6/13/2018,67.82,68.410004,67.220001,67.290001,65.037071,17531500,-0.268852459
6/14/2018,67.559998,67.610001,65.949997,66.160004,63.944897,24035400,-0.348901099
6/15/2018,66.32,66.620003,65.239998,66.339996,64.118866,29314800,-0.221153846
6/18/2018,65.75,66.809998,65.379997,66.75,64.515152,13680800,-0.320165351
6/19/2018,66.029999,66.910004,65.949997,66.779999,64.544136,16892800,-0.23246493
6/20/2018,67.720001,67.949997,67.129997,67.379997,65.124046,16697100,-0.194139194
6/21/2018,67.160004,68.089996,66.699997,67.629997,65.365669,16545800,-0.29040404
6/22/2018,68.040001,68.209999,67.160004,67.199997,64.950066,16059900,-0.183294664
6/25/2018,66.790001,66.879997,65.339996,65.75,63.548626,21426600,-0.319669764
6/26/2018,65.510002,66.690002,64.379997,66.309998,64.089882,22613700,-0.122194514
6/27/2018,66.220001,67.559998,65.440002,65.459999,63.268337,20917500,-0.198312236
6/28/2018,65.980003,67.129997,65.559998,66.879997,64.640785,19860100,-0.230263158
6/29/2018,68,68.769997,66.879997,66.919998,64.679451,24193900,-0.182776801
7/2/2018,66.209999,67.160004,65.940002,67.160004,64.911423,12699100,-0.153581958
7/3/2018,67.449997,67.489998,65.940002,66.059998,63.848248,12346000,0.050561798
7/5/2018,66.440002,66.830002,66.220001,66.559998,64.331505,12359000,0.072135297
7/6/2018,66.220001,67.339996,65.900002,67.139999,64.89209,13174900,-0.088541667
7/9/2018,67.5,69.050003,67.489998,68.940002,66.631828,15148500,0.059071698
7/10/2018,69.230003,69.349998,67.949997,68.230003,65.945595,17057700,-0.014084507
7/11/2018,67.970001,68.459999,67.839996,67.910004,65.636307,13262800,-0.080645161
7/12/2018,68.360001,68.599998,67.940002,68.510002,66.216225,13345200,0.02
7/13/2018,67.989998,68.300003,66.220001,67,64.756775,34054000,-0.043668122
7/16/2018,67.360001,69.709999,67.279999,69.459999,67.134415,26659900,-0.120092027
7/17/2018,69.5,69.870003,68.800003,69.349998,67.028099,17262800,-0.09469697
7/18/2018,69.220001,70.260002,69.220001,69.849998,67.511353,16321200,-0.167364017
7/19/2018,69.5,69.559998,68.559998,68.989998,66.680153,14833900,-0.132596685
7/20/2018,68.790001,69.559998,68.529999,69.220001,66.902443,12017500,-0.155709343
7/23/2018,69.160004,70.449997,69.010002,70.209999,67.859306,15764000,-0.055851064
7/24/2018,70.400002,71.470001,70.290001,71.07,68.690514,21883800,-0.092896175
7/25/2018,70.82,71.75,70.75,71.720001,69.318741,14232700,-0.231023102
7/26/2018,71.75,71.910004,71.25,71.339996,68.951462,11169200,-0.104761905
7/27/2018,71.360001,71.82,71.160004,71.690002,69.289749,11194100,-0.263681592
7/30/2018,71.860001,72.790001,71.800003,72.290001,69.869667,16339100,-0.126008542
7/31/2018,72.199997,72.370003,71.629997,71.889999,69.483055,13608100,-0.171912833
8/1/2018,72.5,73.080002,71.900002,71.93,69.521713,13612200,-0.136986301
8/2/2018,71.339996,71.93,71.019997,71.839996,69.434723,13248600,-0.194029851
8/3/2018,71.639999,72.519997,71.57,72.389999,70.407341,13680000,-0.235588972
8/6/2018,72.160004,72.650002,71.93,72.400002,70.417068,10121400,-0.044717465
8/7/2018,72.57,72.910004,72.389999,72.410004,70.426796,12991100,-0.101321586
8/8/2018,72.139999,73.209999,72.059998,72.889999,70.893654,10178900,-0.025270758
8/9/2018,72.440002,72.650002,71.889999,71.980003,70.008568,11044200,-0.183486239
8/10/2018,70.629997,70.900002,69.900002,70.260002,68.335678,20240100,-0.398760331
8/13/2018,70.199997,70.360001,69.059998,69.160004,67.265808,16926100,-0.372281589
8/14/2018,69.300003,70.199997,69.25,70.010002,68.092529,12668200,-0.135977337
8/15/2018,69.230003,69.43,68.080002,68.650002,66.769775,18952300,-0.160869565
8/16/2018,69.160004,69.889999,69.089996,69.559998,67.654846,13439600,-0.35243553
8/17/2018,69.419998,69.870003,69.25,69.669998,67.761833,10329600,-0.311403509
8/20/2018,69.459999,70.699997,69.379997,70.529999,68.598282,11233300,-0.287519036
8/21/2018,70.629997,71.650002,70.580002,71.239998,69.288834,12261100,-0.082969432
8/22/2018,71.160004,71.419998,70.970001,71.120003,69.172127,7297600,0.056338028
8/23/2018,71.029999,71.209999,70.639999,70.809998,68.870605,8310000,-0.313043478
8/24/2018,70.599998,71.260002,70.510002,70.669998,68.734444,8760000,-0.106598985
8/27/2018,71.07,72.650002,70.940002,72.389999,70.407341,13545300,-0.126380999
8/28/2018,72.57,72.75,72.220001,72.379997,70.397614,9688600,-0.086734694
8/29/2018,72.300003,72.839996,72.019997,72.529999,70.543503,7146800,-0.152647975
8/30/2018,72.089996,72.360001,71.330002,71.459999,69.502808,13197700,-0.340080972
8/31/2018,71.050003,71.290001,70.589996,71.239998,69.288834,11898200,-0.288702929
9/4/2018,70.989998,71.580002,70.370003,71.400002,69.444458,10108500,-0.259830307
9/5/2018,71.199997,71.779999,71.139999,71.169998,69.220741,13138100,-0.200819672
9/6/2018,70.93,71.110001,69.919998,70.110001,68.189781,15207100,-0.23796034
9/7/2018,70.339996,70.449997,69.470001,69.639999,67.732651,15180600,-0.105726872
9/10/2018,69.980003,70.279999,69.620003,69.629997,67.722923,12353600,-0.088787743
9/11/2018,69.260002,69.709999,68.910004,69.43,67.528412,12650000,-0.015706806
9/12/2018,70.959999,71.650002,70.510002,70.510002,68.578842,17434900,-0.071875
9/13/2018,70.900002,71.699997,70.029999,70.150002,68.228691,13569000,0.011661808
9/14/2018,70.18,70.879997,70.150002,70.540001,68.608017,9653300,-0.3203125
9/17/2018,70.790001,71.449997,70.400002,70.879997,68.938698,11323000,-0.342544749
9/18/2018,71.300003,71.589996,70.599998,71.360001,69.405556,11457100,-0.214285714
9/19/2018,71.540001,74.129997,71.540001,73.720001,71.700912,21766100,-0.162735849
9/20/2018,74.5,75.010002,74.260002,74.790001,72.741615,23550500,-0.073482428
9/21/2018,74.980003,75.239998,73.970001,74.150002,72.119133,28874700,-0.158490566
9/24/2018,74.080002,74.529999,73.120003,73.839996,71.817619,14023100,-0.124413991
9/25/2018,74.220001,74.529999,73.470001,73.510002,71.496666,12324300,-0.095
9/26/2018,73.519997,73.989998,72.370003,72.449997,70.465691,15060000,-0.105769231
9/27/2018,72.900002,73.620003,72.379997,72.949997,70.952003,11420600,0.043956044
9/28/2018,72.059998,72.43,71.480003,71.739998,69.775139,14341900,-0.130890052
10/1/2018,72.239998,72.860001,71.760002,71.93,69.959938,11263700,-0.139210857
10/2/2018,71.510002,72.18,71.029999,71.800003,69.833496,12746900,0.009661836
10/3/2018,72.540001,72.839996,72.019997,72.360001,70.378166,11977900,-0.080717489
10/4/2018,72.779999,73.980003,72.019997,72.620003,70.631042,18956800,-0.065656566
10/5/2018,72.949997,73.120003,72.07,72.419998,70.436523,11481400,-0.240310078
10/8/2018,71.690002,72.980003,71.519997,72.589996,70.601852,11958200,-0.127710982
10/9/2018,72.059998,72.699997,71.410004,71.889999,69.921036,15654500,-0.095652174
10/10/2018,72.07,72.5,69.870003,69.949997,68.034164,23679600,-0.003289474
10/11/2018,69.139999,70.650002,68.360001,68.379997,66.507172,28890800,0.013020833
10/12/2018,70.449997,71.230003,68.410004,69.839996,67.927177,29024200,0.024590164
10/15/2018,70.129997,70.639999,69.18,69.209999,67.31443,17661300,-0.174902095
10/16/2018,69.889999,70.040001,69.169998,69.709999,67.800735,15453500,-0.051470588
10/17/2018,69.349998,70.790001,69.029999,69.839996,67.927177,16774200,-0.067873303
10/18/2018,69.540001,70.389999,68.410004,68.620003,66.740593,18168500,-0.125628141
10/19/2018,68.540001,69.599998,68.160004,68.860001,66.974022,16721900,-0.097435897
10/22/2018,68.889999,69.209999,66.57,66.589996,64.76619,17890900,-0.224510272
10/23/2018,64.150002,66.080002,63.18,65.730003,63.929752,32809200,-0.234309623
10/24/2018,65.410004,65.410004,63.59,63.799999,62.052601,23420600,-0.035897436
10/25/2018,64.769997,65.510002,64.330002,64.970001,63.190563,19510300,-0.166666667
10/26/2018,64.169998,64.739998,63.18,64.209999,62.451382,24066300,-0.298153034
10/29/2018,65.059998,65.620003,63.68,64.349998,62.58754,20036800,-0.220112333
10/30/2018,64.599998,65.190002,63.810001,64.529999,62.762615,19951900,-0.258333333
10/31/2018,65.010002,66.209999,64.839996,65.459999,63.667141,20450300,-0.262536873
11/1/2018,66.089996,66.440002,65.199997,65.830002,64.027016,17744100,-0.144963145
11/2/2018,66.07,66.919998,65.580002,65.919998,64.555832,21214800,-0.3003003
11/5/2018,66.300003,67.470001,66.260002,67.300003,65.90728,14823900,-0.345580944
11/6/2018,67.309998,67.309998,66.169998,66.68,65.30011,17049600,-0.135714286
11/7/2018,67.290001,68.309998,66.699997,68.260002,66.847412,15529300,-0.055016181
11/8/2018,67.940002,69,66.849998,67.779999,66.377342,18908100,-0.178010471
11/9/2018,67.199997,67.489998,65.18,65.760002,64.399155,27125800,-0.102325581
11/12/2018,65.559998,65.980003,64.07,64.209999,62.881222,16424200,-0.095848352
11/13/2018,64.379997,65.440002,64.32,64.779999,63.439426,14121300,-0.296875
11/14/2018,65.389999,65.790001,62.84,63.5,62.185913,19754600,-0.229508197
11/15/2018,62.970001,64.720001,62.34,64.599998,63.263153,19202300,-0.177419355
11/16/2018,64.489998,64.970001,64.019997,64.949997,63.605911,15995200,-0.063157895
11/19/2018,65.080002,65.540001,64.199997,64.620003,63.282738,12227400,-0.203166977
11/20/2018,63.82,64.010002,62.150002,62.529999,61.235989,21024000,-0.067226891
11/21/2018,62.759998,63.830002,62.669998,62.869999,61.568954,12380200,-0.130681818
11/23/2018,62.330002,62.439999,61.720001,61.75,60.47213,7316500,-0.219494048
11/26/2018,62.669998,63.919998,62.5,63.73,62.411156,19065100,-0.199592364
11/27/2018,63.349998,63.84,62.75,63.459999,62.14674,12867900,-0.015037594
11/28/2018,63.639999,65.650002,62.91,65.580002,64.222862,17719000,-0.059210526
11/29/2018,65.089996,65.559998,64.660004,64.900002,63.556946,12914200,-0.304878049
11/30/2018,64.370003,65,64.110001,64.790001,63.449223,14207800,-0.297157623
12/3/2018,66.040001,66.459999,64.809998,65.160004,63.811573,14255500,-0.304464661
12/4/2018,64.580002,64.639999,61.119999,62.259998,60.971573,27104500,-0.162055336
12/6/2018,59.360001,60.09,58.360001,60.060001,58.817104,37802600,-0.05
12/7/2018,59.720001,60.720001,58.139999,58.349998,57.142487,24282100,-0.060070671
12/10/2018,57.950001,58.310001,55.830002,57.07,55.888981,30695800,-0.162254996
12/11/2018,58.169998,58.330002,55.900002,56.220001,55.056572,23712500,-0.127906977
12/12/2018,57.130001,57.150002,55.849998,55.98,54.821537,24941600,-0.185483871
12/13/2018,56.380001,56.439999,55.41,55.77,54.615883,27670700,-0.076086957
12/14/2018,54.73,56.360001,54.630001,55.02,53.881401,22839300,-0.040723982
12/17/2018,54.849998,55.93,53.919998,54.25,53.127338,26212500,-0.097347214
12/18/2018,54.720001,55.669998,53.549999,53.93,52.813961,27302000,0.005050505
12/19/2018,53.900002,55.400002,52.18,52.82,51.726929,31483100,-0.176029963
12/20/2018,52.209999,53.25,51.720001,52.27,51.188309,39800000,-0.017621145
12/21/2018,51.900002,52.560001,49.880001,50.240002,49.200321,52323000,-0.074235808
12/24/2018,49.400002,50.25,48.48,49.259998,48.240601,21970800,-0.122620643
12/26/2018,49.650002,51.450001,48.419998,51.439999,50.375484,32005600,-0.005584096
12/27/2018,50.619999,51.77,49.700001,51.77,50.698662,28573400,0.064748201
12/28/2018,51.93,52.549999,51.57,51.830002,50.75742,23176900,0.01459854
