"date","sentiment"
"2014-01-01","0.3579136690647482"
"2014-01-02","0.10132890365448505"
"2014-01-03","0.0019065776930409914"
"2014-01-04","0.2676659528907923"
"2014-01-05","0.26036866359447003"
"2014-01-06","0.09267431597528684"
"2014-01-07","0.11992445703493862"
"2014-01-08","0.10466138962181179"
"2014-01-09","0.03076923076923077"
"2014-01-10","0.021702838063439065"
"2014-01-11","0.23255813953488372"
"2014-01-12","0.2475"
"2014-01-13","0.03167746580273578"
"2014-01-14","0.12271341463414634"
"2014-01-15","0.09244372990353698"
"2014-01-16","-0.011722272317403066"
"2014-01-17","0.012033694344163659"
"2014-01-18","0.10122699386503067"
"2014-01-19","0.1413427561837456"
"2014-01-20","0.06666666666666667"
"2014-01-21","0.003925417075564278"
"2014-01-22","0.14210526315789473"
"2014-01-23","0.05188679245283019"
"2014-01-24","-0.11302681992337164"
"2014-01-25","0.20512820512820512"
"2014-01-26","0.2522361359570662"
"2014-01-27","0.011091652072387624"
"2014-01-28","0.06313328137178488"
"2014-01-29","0.017934446505875078"
"2014-01-30","0.06568364611260054"
"2014-01-31","-0.0012978585334198572"
"2014-02-01","0.2047970479704797"
"2014-02-02","0.19282511210762332"
"2014-02-03","-0.04274307186472522"
"2014-02-04","-0.014536644457904301"
"2014-02-05","0.027690371302706105"
"2014-02-06","0.10140636565507032"
"2014-02-07","0.12247557003257328"
"2014-02-08","0.334"
"2014-02-09","0.30284552845528456"
"2014-02-10","0.11505190311418685"
"2014-02-11","0.11320754716981132"
"2014-02-12","0.06834249803613511"
"2014-02-13","0.10371517027863777"
"2014-02-14","0.1392515230635335"
"2014-02-15","0.30686695278969955"
"2014-02-16","0.3181818181818182"
"2014-02-17","0.3081081081081081"
"2014-02-18","0.10916179337231968"
"2014-02-19","0.06419400855920114"
"2014-02-20","0.1003921568627451"
"2014-02-21","0.08064516129032258"
"2014-02-22","0.21721311475409835"
"2014-02-23","0.28153153153153154"
"2014-02-24","0.16708605938600907"
"2014-02-25","0.043538355217691775"
"2014-02-26","0.04038893044128646"
"2014-02-27","0.014164305949008499"
"2014-02-28","0.06808943089430894"
"2014-03-01","0.10166919575113809"
"2014-03-02","0.19224806201550387"
"2014-03-03","0.027742749054224466"
"2014-03-04","0.10415375077495351"
"2014-03-05","0.044866920152091254"
"2014-03-06","-0.004929577464788733"
"2014-03-07","0.07936507936507936"
"2014-03-08","0.245136186770428"
"2014-03-09","0.3617021276595745"
"2014-03-10","0.039898132427843805"
"2014-03-11","0.06887532693984307"
"2014-03-12","0.03700588730025231"
"2014-03-13","-0.00697084917617237"
"2014-03-14","0.03303509979353063"
"2014-03-15","0.3783132530120482"
"2014-03-16","0.26262626262626265"
"2014-03-17","0.1310452418096724"
"2014-03-18","0.105742935278031"
"2014-03-19","0.08756137479541735"
"2014-03-20","0.13859649122807016"
"2014-03-21","0.12564290962527552"
"2014-03-22","0.35280898876404493"
"2014-03-23","0.3542713567839196"
"2014-03-24","-0.007922535211267605"
"2014-03-25","0.15263157894736842"
"2014-03-26","0.03225806451612903"
"2014-03-27","0.0"
"2014-03-28","0.04725738396624472"
"2014-03-29","0.21256038647342995"
"2014-03-30","0.26260504201680673"
"2014-03-31","0.060181368507831824"
"2014-04-01","0.07650926479378362"
"2014-04-02","0.04864864864864865"
"2014-04-03","0.0"
"2014-04-04","0.007597895967270602"
"2014-04-05","0.2528473804100228"
"2014-04-06","0.21017699115044247"
"2014-04-07","-0.06440071556350627"
"2014-04-08","0.021629416005767843"
"2014-04-09","0.146677471636953"
"2014-04-10","-0.007449856733524355"
"2014-04-11","-0.010474430067775724"
"2014-04-12","0.21363636363636362"
"2014-04-13","0.2484076433121019"
"2014-04-14","0.011655011655011656"
"2014-04-15","0.11730769230769231"
"2014-04-16","0.14499252615844543"
"2014-04-17","0.14176974310180782"
"2014-04-18","0.3311546840958606"
"2014-04-19","0.3848314606741573"
"2014-04-20","0.37714285714285717"
"2014-04-21","0.148"
"2014-04-22","0.21719109746738297"
"2014-04-23","0.08828828828828829"
"2014-04-24","0.07914893617021276"
"2014-04-25","0.05714285714285714"
"2014-04-26","0.30165289256198347"
"2014-04-27","0.22692307692307692"
"2014-04-28","0.026378896882494004"
"2014-04-29","0.08063021316033364"
"2014-04-30","0.07439310884886452"
"2014-05-01","0.1284722222222222"
"2014-05-02","0.08416666666666667"
"2014-05-03","0.2544987146529563"
"2014-05-04","0.23284313725490197"
"2014-05-05","0.10686359687228497"
"2014-05-06","0.012809564474807857"
"2014-05-07","0.07585139318885449"
"2014-05-08","0.07495590828924162"
"2014-05-09","0.06374501992031872"
"2014-05-10","0.29607250755287007"
"2014-05-11","0.3027027027027027"
"2014-05-12","0.09768786127167631"
"2014-05-13","0.129863813229572"
"2014-05-14","0.06741573033707865"
"2014-05-15","0.10642439974042829"
"2014-05-16","0.07593856655290103"
"2014-05-17","0.31446540880503143"
"2014-05-18","0.33472803347280333"
"2014-05-19","0.11632870864461047"
"2014-05-20","0.014953271028037384"
"2014-05-21","0.12678571428571428"
"2014-05-22","0.152"
"2014-05-23","0.08926487747957992"
"2014-05-24","0.24465558194774348"
"2014-05-25","0.27124183006535946"
"2014-05-26","0.17679558011049723"
"2014-05-27","0.1183206106870229"
"2014-05-28","-0.05009759271307743"
"2014-05-29","0.07732980832782552"
"2014-05-30","-0.004961020552799433"
"2014-05-31","0.11956521739130435"
"2014-06-01","0.21963824289405684"
"2014-06-02","-0.023564064801178203"
"2014-06-03","-0.055384615384615386"
"2014-06-04","0.04600484261501211"
"2014-06-05","0.12287581699346405"
"2014-06-06","0.0362962962962963"
"2014-06-07","0.22718052738336714"
"2014-06-08","0.36476426799007444"
"2014-06-09","0.09124087591240876"
"2014-06-10","0.02885345482156416"
"2014-06-11","0.00564516129032258"
"2014-06-12","0.049429657794676805"
"2014-06-13","0.06659939455095863"
"2014-06-14","0.30927835051546393"
"2014-06-15","0.35785953177257523"
"2014-06-16","0.10526315789473684"
"2014-06-17","0.08691099476439791"
"2014-06-18","0.08737864077669903"
"2014-06-19","0.041935483870967745"
"2014-06-20","0.019462465245597776"
"2014-06-21","0.09117647058823529"
"2014-06-22","0.24034334763948498"
"2014-06-23","0.0012300123001230013"
"2014-06-24","-0.032407407407407406"
"2014-06-25","0.010009099181073703"
"2014-06-26","-0.036062378167641324"
"2014-06-27","-0.015184381778741865"
"2014-06-28","0.04794520547945205"
"2014-06-29","0.15037593984962405"
"2014-06-30","0.09195402298850575"
"2014-07-01","0.054447852760736194"
"2014-07-02","-0.09607843137254903"
"2014-07-03","-0.040345821325648415"
"2014-07-04","0.1056338028169014"
"2014-07-05","0.1813186813186813"
"2014-07-06","0.2375"
"2014-07-07","0.032017075773746"
"2014-07-08","-0.06519898391193904"
"2014-07-09","0.005791505791505791"
"2014-07-10","-0.02356902356902357"
"2014-07-11","-0.08132147395171538"
"2014-07-12","0.05909090909090909"
"2014-07-13","0.1643835616438356"
"2014-07-14","0.023728813559322035"
"2014-07-15","0.004757373929590866"
"2014-07-16","0.0"
"2014-07-17","-0.11720510894064613"
"2014-07-18","-0.024816176470588234"
"2014-07-19","0.26229508196721313"
"2014-07-20","0.35714285714285715"
"2014-07-21","0.02456140350877193"
"2014-07-22","0.062118126272912425"
"2014-07-23","0.0812720848056537"
"2014-07-24","0.05202312138728324"
"2014-07-25","-0.06850715746421268"
"2014-07-26","0.10069444444444445"
"2014-07-27","0.2175925925925926"
"2014-07-28","-0.0438034188034188"
"2014-07-29","-0.03816793893129771"
"2014-07-30","-0.04828226555246054"
"2014-07-31","-0.09840571742715779"
"2014-08-01","-0.15139949109414758"
"2014-08-02","-0.15137614678899083"
"2014-08-03","-0.03355704697986577"
"2014-08-04","0.007867132867132868"
"2014-08-05","-0.050073637702503684"
"2014-08-06","-0.07603890362511052"
"2014-08-07","-0.017350157728706624"
"2014-08-08","-0.03374233128834356"
"2014-08-09","0.19463087248322147"
"2014-08-10","0.22868217054263565"
"2014-08-11","0.07519640852974187"
"2014-08-12","0.028066528066528068"
"2014-08-13","-0.006335797254487857"
"2014-08-14","0.0731958762886598"
"2014-08-15","-0.00777000777000777"
"2014-08-16","0.13138686131386862"
"2014-08-17","0.2054263565891473"
"2014-08-18","0.12"
"2014-08-19","0.10902255639097744"
"2014-08-20","0.061191626409017714"
"2014-08-21","0.09736680955296999"
"2014-08-22","0.06376109765940274"
"2014-08-23","0.13569321533923304"
"2014-08-24","0.14334470989761092"
"2014-08-25","0.23462321792260693"
"2014-08-26","0.020434227330779056"
"2014-08-27","-0.02682648401826484"
"2014-08-28","-0.034045922406967535"
"2014-08-29","0.04421448730009407"
"2014-08-30","0.22815533980582525"
"2014-08-31","0.34035087719298246"
"2014-09-01","0.23759791122715404"
"2014-09-02","-0.0317208564631245"
"2014-09-03","-0.020905923344947737"
"2014-09-04","-0.05218068535825545"
"2014-09-05","0.008289374529012811"
"2014-09-06","0.11918604651162791"
"2014-09-07","0.36666666666666664"
"2014-09-08","-0.07094017094017094"
"2014-09-09","-0.02727272727272727"
"2014-09-10","-0.029356060606060608"
"2014-09-11","0.017699115044247787"
"2014-09-12","-0.09106984969053934"
"2014-09-13","0.1564625850340136"
"2014-09-14","0.15891472868217055"
"2014-09-15","-0.03048780487804878"
"2014-09-16","0.01643598615916955"
"2014-09-17","0.020100502512562814"
"2014-09-18","0.08634868421052631"
"2014-09-19","-0.036065573770491806"
"2014-09-20","0.1274131274131274"
"2014-09-21","0.2222222222222222"
"2014-09-22","-0.03194321206743567"
"2014-09-23","-0.0283960092095165"
"2014-09-24","0.01752988047808765"
"2014-09-25","-0.02501454333915067"
"2014-09-26","0.03456998313659359"
"2014-09-27","0.24742268041237114"
"2014-09-28","0.3241106719367589"
"2014-09-29","-0.02162629757785467"
"2014-09-30","-0.0211864406779661"
"2014-10-01","-0.06696935300794551"
"2014-10-02","-0.026332288401253918"
"2014-10-03","0.10401188707280833"
"2014-10-04","0.32919254658385094"
"2014-10-05","0.3104693140794224"
"2014-10-06","0.035856573705179286"
"2014-10-07","-0.06563245823389022"
"2014-10-08","0.04097035040431267"
"2014-10-09","-0.039942938659058486"
"2014-10-10","-0.10080645161290322"
"2014-10-11","0.07708333333333334"
"2014-10-12","0.13793103448275862"
"2014-10-13","-0.10973936899862825"
"2014-10-14","-0.1063933626159102"
"2014-10-15","-0.11230283911671925"
"2014-10-16","-0.08974358974358974"
"2014-10-17","0.009889470622454915"
"2014-10-18","0.19555555555555557"
"2014-10-19","-0.1"
"2014-10-20","0.0500848896434635"
"2014-10-21","0.1686967113276492"
"2014-10-22","-0.015658362989323844"
"2014-10-23","0.01823949246629659"
"2014-10-24","0.02091713596138375"
"2014-10-25","0.329923273657289"
"2014-10-26","0.3475609756097561"
"2014-10-27","0.03268551236749117"
"2014-10-28","0.03115501519756839"
"2014-10-29","0.03452768729641694"
"2014-10-30","0.05489706799750468"
"2014-10-31","0.0794912559618442"
"2014-11-01","0.12449799196787148"
"2014-11-02","0.27586206896551724"
"2014-11-03","0.0037764350453172208"
"2014-11-04","-0.01556970983722576"
"2014-11-05","0.028198074277854195"
"2014-11-06","-0.0027816411682892906"
"2014-11-07","0.03849303849303849"
"2014-11-08","0.3220858895705521"
"2014-11-09","0.3754152823920266"
"2014-11-10","0.10458081244598098"
"2014-11-11","-0.004421518054532056"
"2014-11-12","0.060777957860615885"
"2014-11-13","0.0264808362369338"
"2014-11-14","0.06932573599240266"
"2014-11-15","0.5714285714285714"
"2014-11-16","0.047619047619047616"
"2014-11-17","-0.035164835164835165"
"2014-11-18","0.06945228684359118"
"2014-11-19","0.019204389574759947"
"2014-11-20","0.0007429420505200594"
"2014-11-21","0.015132408575031526"
"2014-11-22","0.6666666666666666"
"2014-11-23","0.5384615384615384"
"2014-11-24","0.06228956228956229"
"2014-11-25","0.048927038626609444"
"2014-11-26","0.04270109235352532"
"2014-11-27","0.07142857142857142"
"2014-11-28","-0.05224787363304982"
"2014-11-29","0.3333333333333333"
"2014-11-30","0.22435897435897437"
"2014-12-01","-0.03643724696356275"
"2014-12-02","0.0664869721473495"
"2014-12-03","0.05767599660729432"
"2014-12-04","0.05555555555555555"
"2014-12-05","0.03451581975071908"
"2014-12-06","0.17158176943699732"
"2014-12-07","0.23371647509578544"
"2014-12-08","-0.0637329286798179"
"2014-12-09","0.0037429819089207735"
"2014-12-10","0.013753581661891117"
"2014-12-11","0.029411764705882353"
"2014-12-12","-0.04788732394366197"
"2014-12-13","0.185378590078329"
"2014-12-14","0.08123249299719888"
"2014-12-15","-0.0502092050209205"
"2014-12-16","-0.043968432919954906"
"2014-12-17","0.0641025641025641"
"2014-12-18","0.0931174089068826"
"2014-12-19","0.0746054519368723"
"2014-12-20","0.23863636363636365"
"2014-12-21","0.37337662337662336"
"2014-12-22","0.04013961605584642"
"2014-12-23","0.05608856088560885"
"2014-12-24","-0.017743979721166033"
"2014-12-25","0.0"
"2014-12-26","0.12926136363636365"
"2014-12-27","0.5"
"2014-12-28","0.29042904290429045"
"2014-12-29","0.06382978723404255"
"2014-12-30","-0.07319485657764589"
"2014-12-31","0.003125"
"2015-01-01","0.10407239819004525"
"2015-01-02","0.04713804713804714"
"2015-01-03","0.7"
"2015-01-04","0.2983050847457627"
"2015-01-05","-0.049633389734912575"
"2015-01-06","-0.056842105263157895"
"2015-01-07","0.00597609561752988"
"2015-01-08","0.09217171717171717"
"2015-01-09","0.0033112582781456954"
"2015-01-10","0.3333333333333333"
"2015-01-11","0.22063037249283668"
"2015-01-12","0.02337472607742878"
"2015-01-13","-0.042937149968886125"
"2015-01-14","-0.03759765625"
"2015-01-15","-0.05481049562682216"
"2015-01-16","0.0172927847346452"
"2015-01-17","0.5"
"2015-01-18","0.22941176470588234"
"2015-01-19","0.18072289156626506"
"2015-01-20","0.04173106646058733"
"2015-01-21","0.02745995423340961"
"2015-01-22","0.090282131661442"
"2015-01-23","0.03740648379052369"
"2015-01-24","0.07692307692307693"
"2015-01-25","0.2257142857142857"
"2015-01-26","0.03231151615575808"
"2015-01-27","0.020783847980997625"
"2015-01-28","0.016684045881126174"
"2015-01-29","0.039627039627039624"
"2015-01-30","0.030253025302530254"
"2015-01-31","0.10398230088495575"
"2015-02-01","0.25757575757575757"
"2015-02-02","-0.03165735567970205"
"2015-02-03","0.0476529160739687"
"2015-02-04","0.04738760631834751"
"2015-02-05","0.08345120226308345"
"2015-02-06","-0.6666666666666666"
"2015-02-07","0.12218649517684887"
"2015-02-08","0.22666666666666666"
"2015-02-09","0.049099836333878884"
"2015-02-10","0.03832752613240418"
"2015-02-11","0.011149825783972125"
"2015-02-12","0.06773488710852149"
"2015-02-13","0.030369961347321922"
"2015-02-14","0.0"
"2015-02-15","0.2361111111111111"
"2015-02-16","-0.5"
"2015-02-17","0.010101010101010102"
"2015-02-18","0.004163775156141568"
"2015-02-19","-0.014936519790888723"
"2015-02-20","-0.007263922518159807"
"2015-02-21","0.1111111111111111"
"2015-02-22","0.21914357682619648"
"2015-02-23","0.0069868995633187774"
"2015-02-24","0.002284843869002285"
"2015-02-25","0.08060654429369513"
"2015-02-26","0.011093502377179081"
"2015-02-27","0.006013745704467354"
"2015-02-28","0.1330049261083744"
"2015-03-01","0.3245192307692308"
"2015-03-02","0.06143896523848019"
"2015-03-03","0.0761904761904762"
"2015-03-04","0.026455026455026454"
"2015-03-05","0.06902502157031924"
"2015-03-06","-0.05573951434878587"
"2015-03-07","0.4"
"2015-03-08","0.22477064220183487"
"2015-03-09","0.02028740490278952"
"2015-03-10","-0.06985294117647059"
"2015-03-11","-0.03717948717948718"
"2015-03-12","0.2413793103448276"
"2015-03-13","-0.05304010349288486"
"2015-03-14","0.09853249475890985"
"2015-03-15","0.19047619047619047"
"2015-03-16","0.006738544474393531"
"2015-03-17","-0.03464566929133858"
"2015-03-18","0.10104914411927111"
"2015-03-19","0.04481546572934974"
"2015-03-20","0.07832699619771863"
"2015-03-21","0.375"
"2015-03-22","0.29523809523809524"
"2015-03-23","-0.2"
"2015-03-24","-0.5"
"2015-03-25","-0.05263157894736842"
"2015-03-26","0.015096618357487922"
"2015-03-27","0.06661676646706587"
"2015-03-28","0.5384615384615384"
"2015-03-29","0.22458628841607564"
"2015-03-30","0.11126373626373626"
"2015-03-31","0.02485284499672989"
"2015-04-01","0.2698412698412698"
"2015-04-02","0.10869565217391304"
"2015-04-03","-0.6071428571428571"
"2015-04-04","0.17647058823529413"
"2015-04-05","0.33613445378151263"
"2015-04-06","0.10661528580603725"
"2015-04-07","0.04404945904173107"
"2015-04-08","0.06235011990407674"
"2015-04-09","0.09135399673735727"
"2015-04-10","0.06244653550042772"
"2015-04-11","0.4166666666666667"
"2015-04-12","0.36"
"2015-04-13","0.029790660225442835"
"2015-04-14","0.055714285714285716"
"2015-04-15","0.0273972602739726"
"2015-04-16","0.16666666666666666"
"2015-04-17","0.012492563950029744"
"2015-04-18","-0.13043478260869565"
"2015-04-19","0.22784810126582278"
"2015-04-20","0.05216752387950037"
"2015-04-21","0.051834130781499205"
"2015-04-22","0.11412609736632083"
"2015-04-23","0.12253233492171545"
"2015-04-24","0.07297096053611318"
"2015-04-25","0.2647058823529412"
"2015-04-26","0.35195530726256985"
"2015-04-27","0.05630630630630631"
"2015-04-28","0.11320754716981132"
"2015-04-29","0.039313795568263046"
"2015-04-30","0.012178619756427604"
"2015-05-01","0.06776859504132231"
"2015-05-02","0.2248062015503876"
"2015-05-03","0.348780487804878"
"2015-05-04","0.12144702842377261"
"2015-05-05","0.04283887468030691"
"2015-05-06","0.006002400960384154"
"2015-05-07","0.15785319652722968"
"2015-05-08","0.08795669824086604"
"2015-05-09","0.32505643340857787"
"2015-05-10","0.3476190476190476"
"2015-05-11","0.08897058823529412"
"2015-05-12","0.09626038781163435"
"2015-05-13","0.04631083202511774"
"2015-05-14","0.09681093394077449"
"2015-05-15","-0.009679370840895343"
"2015-05-16","0.30122591943957966"
"2015-05-17","0.3397312859884837"
"2015-05-18","0.04362230811706239"
"2015-05-19","0.006385696040868455"
"2015-05-20","0.1065891472868217"
"2015-05-21","0.06850335070737155"
"2015-05-22","0.3333333333333333"
"2015-05-23","0.07407407407407407"
"2015-05-24","0.3076923076923077"
"2015-05-25","0.2708333333333333"
"2015-05-26","-0.029104477611940297"
"2015-05-27","0.07324364723467862"
"2015-05-28","0.3617021276595745"
"2015-05-29","0.09090909090909091"
"2015-05-30","0.15151515151515152"
"2015-05-31","0.37037037037037035"
"2015-06-01","0.20408163265306123"
"2015-06-02","0.24"
"2015-06-03","0.043478260869565216"
"2015-06-04","-0.08736462093862817"
"2015-06-05","0.006384676775738229"
"2015-06-06","0.125"
"2015-06-07","0.125"
"2015-06-08","-0.02165506573859242"
"2015-06-09","-0.001935483870967742"
"2015-06-10","0.0823045267489712"
"2015-06-11","0.1232876712328767"
"2015-06-12","0.050983899821109124"
"2015-06-13","0.1366120218579235"
"2015-06-14","0.19170984455958548"
"2015-06-15","-0.02193645990922844"
"2015-06-16","-0.047080979284369114"
"2015-06-17","0.014751552795031056"
"2015-06-18","-0.003885003885003885"
"2015-06-19","0.15789473684210525"
"2015-06-20","0.1299093655589124"
"2015-06-21","0.22894736842105262"
"2015-06-22","0.0677671589921807"
"2015-06-23","-0.016885553470919325"
"2015-06-24","-0.022727272727272728"
"2015-06-25","-0.05481874447391689"
"2015-06-26","0.010273972602739725"
"2015-06-27","0.05429864253393665"
"2015-06-28","0.03436988543371522"
"2015-06-29","-0.08948261238337574"
"2015-06-30","-0.06868918145392101"
"2015-07-01","-0.029850746268656716"
"2015-07-02","-0.021883920076117985"
"2015-07-03","0.17391304347826086"
"2015-07-04","0.6296296296296297"
"2015-07-05","0.06336633663366337"
"2015-07-06","-0.004884856943475227"
"2015-07-07","0.002512562814070352"
"2015-07-08","-0.0996477101157524"
"2015-07-09","-0.05962219598583235"
"2015-07-10","0.06305688827964359"
"2015-07-11","0.0827250608272506"
"2015-07-12","0.1"
"2015-07-13","0.04607631389488841"
"2015-07-14","-0.0008183306055646482"
"2015-07-15","-0.023931623931623933"
"2015-07-16","0.08025830258302583"
"2015-07-17","0.08795811518324607"
"2015-07-18","0.19095477386934673"
"2015-07-19","0.14516129032258066"
"2015-07-20","0.04643962848297214"
"2015-07-21","-0.014157973174366617"
"2015-07-22","-0.001713796058269066"
"2015-07-23","-0.007627118644067797"
"2015-07-24","-0.09015777610818933"
"2015-07-25","0.03333333333333333"
"2015-07-26","-0.023809523809523808"
"2015-07-27","-0.029098651525904896"
"2015-07-28","0.03655913978494624"
"2015-07-29","0.020036429872495445"
"2015-07-30","-0.04991394148020654"
"2015-07-31","0.0"
"2015-08-01","0.1615598885793872"
"2015-08-02","0.06887052341597796"
"2015-08-03","-0.0958904109589041"
"2015-08-04","-0.0374331550802139"
"2015-08-05","0.00741962077493817"
"2015-08-06","0.05263157894736842"
"2015-08-07","-0.010471204188481676"
"2015-08-08","0.10863509749303621"
"2015-08-09","0.08695652173913043"
"2015-08-10","0.07404637247569185"
"2015-08-11","-0.019099590723055934"
"2015-08-12","-0.058731808731808735"
"2015-08-13","-0.030564263322884012"
"2015-08-14","0.022222222222222223"
"2015-08-15","0.12694300518134716"
"2015-08-16","0.046948356807511735"
"2015-08-17","0.021844660194174758"
"2015-08-18","-0.002053388090349076"
"2015-08-19","-0.03760913364674278"
"2015-08-20","-0.10427918570835064"
"2015-08-21","-0.12524850894632206"
"2015-08-22","0.019230769230769232"
"2015-08-23","-0.050271739130434784"
"2015-08-24","-0.1388295600170867"
"2015-08-25","-0.0914320314865274"
"2015-08-26","-0.013736263736263736"
"2015-08-27","0.06502835538752363"
"2015-08-28","-0.013576779026217229"
"2015-08-29","0.12181818181818181"
"2015-08-30","-0.02158273381294964"
"2015-08-31","-0.046762589928057555"
"2015-09-01","-0.13338246131171702"
"2015-09-02","-0.007387862796833773"
"2015-09-03","0.011142061281337047"
"2015-09-04","-0.09019607843137255"
"2015-09-05","0.2222222222222222"
"2015-09-06","0.42857142857142855"
"2015-09-07","0.07879924953095685"
"2015-09-08","0.022392457277548614"
"2015-09-09","-0.00897571277719113"
"2015-09-10","0.030191004313000615"
"2015-09-11","0.025677603423680456"
"2015-09-12","0.09523809523809523"
"2015-09-13","0.14186046511627906"
"2015-09-14","0.003125"
"2015-09-15","0.08871989860583017"
"2015-09-16","0.045084533500313086"
"2015-09-17","-0.02943722943722944"
"2015-09-18","-0.06708927628103539"
"2015-09-19","-0.010964912280701754"
"2015-09-20","0.14754098360655737"
"2015-09-21","-0.0636604774535809"
"2015-09-22","-0.06744421906693712"
"2015-09-23","-0.04414469650521153"
"2015-09-24","-0.05754352030947776"
"2015-09-25","-0.05528554070473876"
"2015-09-26","0.08009153318077804"
"2015-09-27","0.12926829268292683"
"2015-09-28","-0.0869767441860465"
"2015-09-29","-0.07625570776255708"
"2015-09-30","-0.01097752221641401"
"2015-10-01","0.03783231083844581"
"2015-10-02","0.02878325337985172"
"2015-10-03","0.11823647294589178"
"2015-10-04","0.07239819004524888"
"2015-10-05","0.05535248041775457"
"2015-10-06","0.0"
"2015-10-07","0.01956135151155898"
"2015-10-08","-0.0005321979776476849"
"2015-10-09","0.03575615474794842"
"2015-10-10","0.22477064220183487"
"2015-10-11","0.17647058823529413"
"2015-10-12","0.019410496046010063"
"2015-10-13","-0.013450292397660818"
"2015-10-14","-0.02099125364431487"
"2015-10-15","0.01325301204819277"
"2015-10-16","0.089857045609258"
"2015-10-17","0.19239904988123516"
"2015-10-18","0.1984126984126984"
"2015-10-19","-0.046583850931677016"
"2015-10-20","0.0007651109410864575"
"2015-10-21","0.04786885245901639"
"2015-10-22","0.008408408408408409"
"2015-10-23","0.05373303167420815"
"2015-10-24","0.3333333333333333"
"2015-10-25","0.11850311850311851"
"2015-10-26","0.012549019607843137"
"2015-10-27","-0.022415039768618944"
"2015-10-28","0.03302433371958285"
"2015-10-29","-0.018504811250925242"
"2015-10-30","-0.017673048600883652"
"2015-10-31","0.11156186612576065"
"2015-11-01","0.16853932584269662"
"2015-11-02","0.048312375909993384"
"2015-11-03","0.0712484237074401"
"2015-11-04","0.028127313101406367"
"2015-11-05","0.016695957820738138"
"2015-11-06","0.009461426491994178"
"2015-11-07","0.16515837104072398"
"2015-11-08","0.21339950372208435"
"2015-11-09","0.02330226364846871"
"2015-11-10","-0.07934238741958542"
"2015-11-11","-0.010211524434719184"
"2015-11-12","-0.07727797001153403"
"2015-11-13","-0.09116022099447514"
"2015-11-14","-0.006024096385542169"
"2015-11-15","0.11279826464208242"
"2015-11-16","0.0012714558169103624"
"2015-11-17","0.0212624584717608"
"2015-11-18","0.058745874587458745"
"2015-11-19","0.0639269406392694"
"2015-11-20","0.059880239520958084"
"2015-11-21","0.23046092184368738"
"2015-11-22","0.24647887323943662"
"2015-11-23","-0.010851419031719533"
"2015-11-24","0.025880661394680086"
"2015-11-25","0.008226691042047532"
"2015-11-26","0.23076923076923078"
"2015-11-27","-0.05327868852459016"
"2015-11-28","0.15555555555555556"
"2015-11-29","0.24260355029585798"
"2015-11-30","-0.009419152276295133"
"2015-12-01","-0.0936431989063568"
"2015-12-02","-0.029708853238265002"
"2015-12-03","-0.06650717703349282"
"2015-12-04","-0.022765130483064965"
"2015-12-05","0.10548523206751055"
"2015-12-06","0.21026894865525672"
"2015-12-07","0.0033647375504710633"
"2015-12-08","-0.023952095808383235"
"2015-12-09","-0.058355437665782495"
"2015-12-10","0.004728132387706856"
"2015-12-11","-0.1037691949744067"
"2015-12-12","0.019704433497536946"
"2015-12-13","0.07269155206286837"
"2015-12-14","-0.0849440488301119"
"2015-12-15","-0.04825581395348837"
"2015-12-16","-0.023178807947019868"
"2015-12-17","-0.06364562118126273"
"2015-12-18","-0.10540254237288135"
"2015-12-19","-0.05139186295503212"
"2015-12-20","0.09276018099547512"
"2015-12-21","-0.050195567144719684"
"2015-12-22","-0.014570552147239263"
"2015-12-23","0.026332691072575465"
"2015-12-24","0.23076923076923078"
"2015-12-25","0.15"
"2015-12-26","0.4"
"2015-12-27","0.21311475409836064"
"2015-12-28","-0.09983633387888707"
"2015-12-29","0.040390879478827364"
"2015-12-30","-0.08157319737800436"
"2015-12-31","-0.15941240478781285"
"2016-01-01","-0.044169611307420496"
"2016-01-02","0.11062906724511931"
"2016-01-03","0.18036072144288579"
"2016-01-04","-0.09225700164744646"
"2016-01-05","-0.15555555555555556"
"2016-01-06","-0.09390298175344905"
"2016-01-07","-0.11327897495631917"
"2016-01-08","-0.13182140326009922"
"2016-01-09","0.0"
"2016-01-10","0.19370860927152317"
"2016-01-11","-0.04821638573108585"
"2016-01-12","-0.04461942257217848"
"2016-01-13","-0.10606060606060606"
"2016-01-14","-0.0392088827203331"
"2016-01-15","-0.12072322670375521"
"2016-01-16","-0.03841229193341869"
"2016-01-17","-0.008823529411764706"
"2016-01-18","-0.006335797254487857"
"2016-01-19","-0.07507139942880457"
"2016-01-20","-0.07048984468339307"
"2016-01-21","-0.018467583497053044"
"2016-01-22","0.025036818851251842"
"2016-01-23","0.14905149051490515"
"2016-01-24","0.16135084427767354"
"2016-01-25","-0.025936599423631124"
"2016-01-26","-0.007724301841948901"
"2016-01-27","-0.01715794104707435"
"2016-01-28","-0.014430785676109033"
"2016-01-29","0.0251661918328585"
"2016-01-30","0.15772357723577235"
"2016-01-31","0.21100917431192662"
"2016-02-01","-0.1702127659574468"
"2016-02-02","-0.06169965075669383"
"2016-02-03","-0.017219113215669393"
"2016-02-04","-0.05190502484815019"
"2016-02-05","-0.1875"
"2016-02-06","-0.09523809523809523"
"2016-02-07","0.18618042226487524"
"2016-02-08","-0.07409012131715771"
"2016-02-09","-0.0352536543422184"
"2016-02-10","-0.09829683698296837"
"2016-02-11","-0.09102605339337408"
"2016-02-12","-0.06013667425968109"
"2016-02-13","0.09375"
"2016-02-14","0.09925093632958802"
"2016-02-15","0.11071428571428571"
"2016-02-16","0.027156549520766772"
"2016-02-17","-0.01345668629100084"
"2016-02-18","-0.046488125315816066"
"2016-02-19","-0.0364741641337386"
"2016-02-20","0.14925373134328357"
"2016-02-21","0.1952191235059761"
"2016-02-22","-0.008395061728395062"
"2016-02-23","-0.04378003203416978"
"2016-02-24","-0.0289738430583501"
"2016-02-25","0.041472506989748366"
"2016-02-26","0.025853658536585365"
"2016-02-27","0.08766233766233766"
"2016-02-28","0.10305343511450382"
"2016-02-29","-0.05469199769717904"
"2016-03-01","-0.00995732574679943"
"2016-03-02","0.04926108374384237"
"2016-03-03","-0.018798955613577025"
"2016-03-04","0.02610441767068273"
"2016-03-05","0.152014652014652"
"2016-03-06","0.14857142857142858"
"2016-03-07","-0.036177105831533475"
"2016-03-08","-0.05851619644723093"
"2016-03-09","-0.011040092969203951"
"2016-03-10","-0.036425449247207385"
"2016-03-11","0.04268610098906819"
"2016-03-12","0.14507772020725387"
"2016-03-13","0.30409356725146197"
"2016-03-14","-0.036210018105009054"
"2016-03-15","-0.06262904335856848"
"2016-03-16","-0.0177799135031235"
"2016-03-17","0.007874015748031496"
"2016-03-18","-0.0022727272727272726"
"2016-03-19","0.19524617996604415"
"2016-03-20","0.20270270270270271"
"2016-03-21","0.05450874831763122"
"2016-03-22","-0.03953488372093023"
"2016-03-23","-0.06796690307328605"
"2016-03-24","-0.004514672686230248"
"2016-03-25","0.15384615384615385"
"2016-03-26","0.2136986301369863"
"2016-03-27","0.1891891891891892"
"2016-03-28","-0.0027739251040221915"
"2016-03-29","0.011671087533156498"
"2016-03-30","0.029874213836477988"
"2016-03-31","0.045563549160671464"
"2016-04-01","0.08239095315024232"
"2016-04-02","0.2046783625730994"
"2016-04-03","0.16787003610108303"
"2016-04-04","-0.04381948986265533"
"2016-04-05","-0.12938596491228072"
"2016-04-06","0.02161474888747616"
"2016-04-07","-0.03188405797101449"
"2016-04-08","-0.005116959064327485"
"2016-04-09","0.1350210970464135"
"2016-04-10","0.0922242314647378"
"2016-04-11","-0.017879161528976572"
"2016-04-12","-0.030179918746372606"
"2016-04-13","0.005924170616113744"
"2016-04-14","-0.025450031036623216"
"2016-04-15","-0.06524547803617571"
"2016-04-16","0.11530398322851153"
"2016-04-17","0.14157706093189965"
"2016-04-18","-0.018954623779437105"
"2016-04-19","0.020833333333333332"
"2016-04-20","-0.05844504021447721"
"2016-04-21","-0.09513150531617236"
"2016-04-22","-0.08265895953757225"
"2016-04-23","0.13009708737864079"
"2016-04-24","0.23953488372093024"
"2016-04-25","-0.0076045627376425855"
"2016-04-26","-0.11652794292508918"
"2016-04-27","-0.07653910149750416"
"2016-04-28","-0.05820348304307974"
"2016-04-29","-0.0262891809908999"
"2016-04-30","0.16698656429942418"
"2016-05-01","0.15324165029469547"
"2016-05-02","-0.027380211574362167"
"2016-05-03","-0.09101516919486581"
"2016-05-04","-0.003919007184846506"
"2016-05-05","-0.07466340269277846"
"2016-05-06","-0.06465997770345597"
"2016-05-07","0.19342359767891681"
"2016-05-08","0.27293577981651373"
"2016-05-09","-0.05345060893098782"
"2016-05-10","0.0800223838836038"
"2016-05-11","-0.08250276854928018"
"2016-05-12","-0.013189448441247002"
"2016-05-13","0.042105263157894736"
"2016-05-14","0.14646464646464646"
"2016-05-15","0.22540983606557377"
"2016-05-16","0.04789644012944984"
"2016-05-17","0.027245206861755803"
"2016-05-18","-0.029683698296836983"
"2016-05-19","-0.07547169811320754"
"2016-05-20","0.024869866975130134"
"2016-05-21","0.1965648854961832"
"2016-05-22","0.08181818181818182"
"2016-05-23","-0.05105762217359591"
"2016-05-24","0.09428729894620078"
"2016-05-25","0.0712372790573112"
"2016-05-26","0.0467877094972067"
"2016-05-27","0.10196649672250546"
"2016-05-28","0.19130434782608696"
"2016-05-29","0.1628498727735369"
"2016-05-30","0.16296296296296298"
"2016-05-31","0.04187817258883249"
"2016-06-01","0.016227180527383367"
"2016-06-02","0.033205619412515965"
"2016-06-03","-0.011506849315068493"
"2016-06-04","0.1399548532731377"
"2016-06-05","0.13501144164759726"
"2016-06-06","0.04393063583815029"
"2016-06-07","0.0056753688989784334"
"2016-06-08","0.00851063829787234"
"2016-06-09","0.025204359673024524"
"2016-06-10","-0.010575793184488837"
"2016-06-11","0.10450819672131148"
"2016-06-12","0.09523809523809523"
"2016-06-13","-0.018354860639021073"
"2016-06-14","0.03360881542699724"
"2016-06-15","-0.05042016806722689"
"2016-06-16","0.008407777193904361"
"2016-06-17","-0.0444104134762634"
"2016-06-18","0.15212527964205816"
"2016-06-19","0.1197339246119734"
"2016-06-20","0.05391527599486521"
"2016-06-21","0.06123822341857335"
"2016-06-22","-0.016129032258064516"
"2016-06-23","0.07146753955264594"
"2016-06-24","-0.11597633136094675"
"2016-06-25","-0.03815580286168521"
"2016-06-26","0.11057692307692307"
"2016-06-27","-0.08534095549203756"
"2016-06-28","0.012404580152671756"
"2016-06-29","0.1116751269035533"
"2016-06-30","0.029871323529411766"
"2016-07-01","0.1175030599755202"
"2016-07-02","0.2651072124756335"
"2016-07-03","0.2112676056338028"
"2016-07-04","0.1749502982107356"
"2016-07-05","0.008795669824086604"
"2016-07-06","0.05898876404494382"
"2016-07-07","0.04407894736842105"
"2016-07-08","0.011200716845878136"
"2016-07-09","0.1568627450980392"
"2016-07-10","0.11926605504587157"
"2016-07-11","0.13333333333333333"
"2016-07-12","0.11145752143413874"
"2016-07-13","0.01706827309236948"
"2016-07-14","0.030954879328436515"
"2016-07-15","-0.045653533458411506"
"2016-07-16","0.2151394422310757"
"2016-07-17","0.18082788671023964"
"2016-07-18","0.1304649548924358"
"2016-07-19","-0.036390101892285295"
"2016-07-20","0.0966022651565623"
"2016-07-21","0.04456824512534819"
"2016-07-22","0.0013089005235602095"
"2016-07-23","0.13203883495145632"
"2016-07-24","0.13263157894736843"
"2016-07-25","0.03488372093023256"
"2016-07-26","0.020380434782608696"
"2016-07-27","0.03463203463203463"
"2016-07-28","0.03851851851851852"
"2016-07-29","0.0419047619047619"
"2016-07-30","0.3076923076923077"
"2016-07-31","0.1"
"2016-08-01","0.018147684605757195"
"2016-08-02","-0.04201216141514649"
"2016-08-03","-0.048493754592211606"
"2016-08-04","-0.0008223684210526315"
"2016-08-05","0.057227138643067846"
"2016-08-06","0.1772428884026258"
"2016-08-07","0.24519230769230768"
"2016-08-08","0.0006939625260235947"
"2016-08-09","0.03268428372739916"
"2016-08-10","-0.003918495297805642"
"2016-08-11","0.09720372836218376"
"2016-08-12","0.0014285714285714286"
"2016-08-13","0.1650943396226415"
"2016-08-14","0.2520107238605898"
"2016-08-15","0.09037037037037036"
"2016-08-16","0.04929577464788732"
"2016-08-17","0.10401721664275466"
"2016-08-18","0.0453781512605042"
"2016-08-19","0.05294619982920581"
"2016-08-20","0.12780269058295965"
"2016-08-21","0.2108695652173913"
"2016-08-22","0.07532667179093006"
"2016-08-23","0.11161387631975868"
"2016-08-24","0.0028268551236749115"
"2016-08-25","-0.04295403165033911"
"2016-08-26","0.013496932515337423"
"2016-08-27","0.15894039735099338"
"2016-08-28","0.1918158567774936"
"2016-08-29","0.03389830508474576"
"2016-08-30","-0.09836065573770492"
"2016-08-31","-0.02127659574468085"
"2016-09-01","0.01998572448251249"
"2016-09-02","0.012759170653907496"
"2016-09-03","0.145"
"2016-09-04","0.17438692098092642"
"2016-09-05","0.14468085106382977"
"2016-09-06","0.08576051779935275"
"2016-09-07","0.039927404718693285"
"2016-09-08","-0.022847100175746926"
"2016-09-09","-0.10012728044123886"
"2016-09-10","0.0943089430894309"
"2016-09-11","0.055062166962699825"
"2016-09-12","0.03801732435033686"
"2016-09-13","0.0029717682020802376"
"2016-09-14","0.014501891551071878"
"2016-09-15","-0.012492192379762648"
"2016-09-16","0.022805805114029024"
"2016-09-17","0.22340425531914893"
"2016-09-18","0.2632696390658174"
"2016-09-19","0.11277072442120986"
"2016-09-20","0.05614567526555387"
"2016-09-21","0.05914270211611503"
"2016-09-22","0.07483962936564505"
"2016-09-23","0.038237738985868665"
"2016-09-24","0.20833333333333334"
"2016-09-25","0.14516129032258066"
"2016-09-26","0.013709063214013708"
"2016-09-27","0.041573867854491464"
"2016-09-28","0.05171102661596958"
"2016-09-29","0.029030265596046944"
"2016-09-30","0.1049136786188579"
"2016-10-01","0.17660550458715596"
"2016-10-02","0.16630669546436286"
"2016-10-03","0.09566639411283728"
"2016-10-04","0.08796895213454076"
"2016-10-05","0.06132075471698113"
"2016-10-06","0.04068348250610252"
"2016-10-07","0.020833333333333332"
"2016-10-08","0.2288329519450801"
"2016-10-09","0.17468354430379746"
"2016-10-10","0.01804757998359311"
"2016-10-11","0.0065111231687466084"
"2016-10-12","0.009929078014184398"
"2016-10-13","-0.023694130317716746"
"2016-10-14","0.027387120651369355"
"2016-10-15","0.07345971563981042"
"2016-10-16","0.19014084507042253"
"2016-10-17","0.005847953216374269"
"2016-10-18","0.09684684684684684"
"2016-10-19","0.09199048374306107"
"2016-10-20","0.08085430968726164"
"2016-10-21","0.047377326565143825"
"2016-10-22","0.24311926605504589"
"2016-10-23","0.2751842751842752"
"2016-10-24","-0.011494252873563218"
"2016-10-25","0.048589341692789965"
"2016-10-26","0.027126099706744868"
"2016-10-27","-0.0007651109410864575"
"2016-10-28","0.0018679950186799503"
"2016-10-29","0.17045454545454544"
"2016-10-30","0.16444444444444445"
"2016-10-31","-0.04881656804733728"
"2016-11-01","-0.022952529994783515"
"2016-11-02","-0.07344632768361582"
"2016-11-03","-0.0826536160957042"
"2016-11-04","-0.19430408819476344"
"2016-11-05","-0.07786259541984733"
"2016-11-06","0.07164634146341463"
"2016-11-07","0.050700144857556736"
"2016-11-08","0.11629315566323441"
"2016-11-09","-0.07146439317953862"
"2016-11-10","0.08111174134997164"
"2016-11-11","0.06756756756756757"
"2016-11-12","0.2790224032586558"
"2016-11-13","0.2151639344262295"
"2016-11-14","0.12510088781275222"
"2016-11-15","0.11077844311377245"
"2016-11-16","0.10252100840336134"
"2016-11-17","0.08875286916602908"
"2016-11-18","0.1018348623853211"
"2016-11-19","0.2571428571428571"
"2016-11-20","0.22510822510822512"
"2016-11-21","0.1582815149802148"
"2016-11-22","0.15021725636250777"
"2016-11-23","0.07351778656126483"
"2016-11-24","0.75"
"2016-11-25","0.15572033898305085"
"2016-11-26","0.30021141649048627"
"2016-11-27","0.1843817787418655"
"2016-11-28","0.05855161787365177"
"2016-11-29","0.12748091603053435"
"2016-11-30","0.08884435537742151"
"2016-12-01","0.019424460431654675"
"2016-12-02","0.04950495049504951"
"2016-12-03","0.14541387024608501"
"2016-12-04","0.06369426751592357"
"2016-12-05","0.13401187446988974"
"2016-12-06","0.10806577916992952"
"2016-12-07","0.08979391560353288"
"2016-12-08","0.08180201541197392"
"2016-12-09","0.1332836932241251"
"2016-12-10","0.191699604743083"
"2016-12-11","0.14859437751004015"
"2016-12-12","0.09257842387146137"
"2016-12-13","0.10659560293137908"
"2016-12-14","0.01466275659824047"
"2016-12-15","0.12210200927357033"
"2016-12-16","0.03541315345699832"
"2016-12-17","0.29347826086956524"
"2016-12-18","0.2242798353909465"
"2016-12-19","0.09082397003745318"
"2016-12-20","0.12660393498716851"
"2016-12-21","0.10803571428571429"
"2016-12-22","0.011535048802129548"
"2016-12-23","0.1039119804400978"
"2016-12-24","0.20485175202156333"
"2016-12-25","0.2711267605633803"
"2016-12-26","0.3163265306122449"
"2016-12-27","0.09492988133764833"
"2016-12-28","0.05432098765432099"
"2016-12-29","0.047747747747747746"
"2016-12-30","0.09182879377431907"
"2016-12-31","0.22058823529411764"
"2017-01-01","0.21794871794871795"
"2017-01-02","0.24329501915708812"
"2017-01-03","0.1740104555638536"
"2017-01-04","0.06744186046511629"
"2017-01-05","0.05250596658711217"
"2017-01-06","0.04602510460251046"
"2017-01-07","0.20384615384615384"
"2017-01-08","0.2554585152838428"
"2017-01-09","0.06457242582897033"
"2017-01-10","0.035493827160493825"
"2017-01-11","0.0912232204561161"
"2017-01-12","0.027833001988071572"
"2017-01-13","0.055"
"2017-01-14","0.21729490022172948"
"2017-01-15","0.21204819277108433"
"2017-01-16","0.22242990654205608"
"2017-01-17","0.07390300230946882"
"2017-01-18","0.041601255886970175"
"2017-01-19","0.045722713864306784"
"2017-01-20","0.11118170266836086"
"2017-01-21","0.3229166666666667"
"2017-01-22","0.27091633466135456"
"2017-01-23","0.04362880886426593"
"2017-01-24","0.0725261216963737"
"2017-01-25","0.13568129330254042"
"2017-01-26","0.07109004739336493"
"2017-01-27","0.018850987432675045"
"2017-01-28","0.0814663951120163"
"2017-01-29","0.1650853889943074"
"2017-01-30","0.0018094089264173703"
"2017-01-31","0.02496626180836707"
"2017-02-01","0.08927231807951988"
"2017-02-02","0.01232394366197183"
"2017-02-03","0.09253246753246754"
"2017-02-04","0.16554809843400448"
"2017-02-05","0.2826086956521739"
"2017-02-06","0.0852059925093633"
"2017-02-07","0.07222699914015478"
"2017-02-08","0.02631578947368421"
"2017-02-09","0.10306406685236769"
"2017-02-10","0.1070559610705596"
"2017-02-11","0.26773455377574373"
"2017-02-12","0.3713592233009709"
"2017-02-13","0.1528046421663443"
"2017-02-14","0.0947176684881603"
"2017-02-15","0.12685240071132187"
"2017-02-16","0.06853396901072706"
"2017-02-17","0.05913173652694611"
"2017-02-18","0.24093816631130063"
"2017-02-19","0.2610619469026549"
"2017-02-20","0.26902654867256637"
"2017-02-21","0.13994169096209913"
"2017-02-22","0.0889978976874562"
"2017-02-23","0.07327001356852103"
"2017-02-24","0.05716302046577276"
"2017-02-25","0.1890359168241966"
"2017-02-26","0.12653061224489795"
"2017-02-27","0.10270270270270271"
"2017-02-28","0.1252847380410023"
"2017-03-01","0.14212007504690433"
"2017-03-02","0.07560815253122946"
"2017-03-03","0.06366237482117311"
"2017-03-04","0.24943820224719102"
"2017-03-05","0.2762557077625571"
"2017-03-06","0.08849009900990099"
"2017-03-07","-0.008492569002123142"
"2017-03-08","-0.02447089947089947"
"2017-03-09","0.006072874493927126"
"2017-03-10","0.08701957940536621"
"2017-03-11","0.08571428571428572"
"2017-03-12","0.28125"
"2017-03-13","0.06925675675675676"
"2017-03-14","0.05275590551181102"
"2017-03-15","0.13562621674237507"
"2017-03-16","0.08845208845208845"
"2017-03-17","0.07692307692307693"
"2017-03-18","0.3148148148148148"
"2017-03-19","0.2832512315270936"
"2017-03-20","0.09183673469387756"
"2017-03-21","-0.04967032967032967"
"2017-03-22","-0.07507163323782234"
"2017-03-23","0.060326472675656495"
"2017-03-24","-0.0045045045045045045"
"2017-03-25","0.07729468599033816"
"2017-03-26","0.13733905579399142"
"2017-03-27","0.017467248908296942"
"2017-03-28","0.06549295774647887"
"2017-03-29","0.04883720930232558"
"2017-03-30","0.09754028837998303"
"2017-03-31","0.059190031152647975"
"2017-04-01","0.1686746987951807"
"2017-04-02","-0.15384615384615385"
"2017-04-03","0.12412723041117145"
"2017-04-04","0.04388185654008439"
"2017-04-05","0.057031756318859365"
"2017-04-06","0.03800967519004837"
"2017-04-07","-0.002079002079002079"
"2017-04-08","0.21649484536082475"
"2017-04-09","0.1348314606741573"
"2017-04-10","0.07559572719802794"
"2017-04-11","0.02428115015974441"
"2017-04-12","0.008059100067159167"
"2017-04-13","0.030261348005502064"
"2017-04-14","0.04647160068846816"
"2017-04-15","0.08994708994708994"
"2017-04-16","0.16417910447761194"
"2017-04-17","0.09577015163607343"
"2017-04-18","0.02167630057803468"
"2017-04-19","0.0212298682284041"
"2017-04-20","0.033281733746130034"
"2017-04-21","0.04202334630350195"
"2017-04-22","0.1101123595505618"
"2017-04-23","0.16981132075471697"
"2017-04-24","0.0944055944055944"
"2017-04-25","0.11649214659685864"
"2017-04-26","0.10482758620689656"
"2017-04-27","0.07706422018348624"
"2017-04-28","0.2564102564102564"
"2017-04-29","0.2175141242937853"
"2017-04-30","0.260989010989011"
"2017-05-01","0.125764192139738"
"2017-05-02","0.05076628352490421"
"2017-05-03","0.06885245901639345"
"2017-05-04","-0.036941580756013746"
"2017-05-05","0.040329218106995884"
"2017-05-06","0.1589958158995816"
"2017-05-07","0.19221967963386727"
"2017-05-08","0.05405405405405406"
"2017-05-09","0.07934131736526946"
"2017-05-10","0.017793594306049824"
"2017-05-11","0.06229508196721312"
"2017-05-12","0.043137254901960784"
"2017-05-13","0.2200488997555012"
"2017-05-14","0.14321608040201006"
"2017-05-15","0.09409020217729394"
"2017-05-16","0.057736720554272515"
"2017-05-17","-0.05647691618108472"
"2017-05-18","0.039190897597977246"
"2017-05-19","0.04189294026377036"
"2017-05-20","0.05605786618444846"
"2017-05-21","0.1390728476821192"
"2017-05-22","0.10938712179984485"
"2017-05-23","0.021923620933521924"
"2017-05-24","0.025423728813559324"
"2017-05-25","0.11222091656874265"
"2017-05-26","0.03592314118629908"
"2017-05-27","0.16532258064516128"
"2017-05-28","0.1466346153846154"
"2017-05-29","0.2106299212598425"
"2017-05-30","0.005240174672489083"
"2017-05-31","0.0517774343122102"
"2017-06-01","0.06322580645161291"
"2017-06-02","0.0463173880030372"
"2017-06-03","0.15789473684210525"
"2017-06-04","0.1422319474835886"
"2017-06-05","0.10214504596527069"
"2017-06-06","0.03324808184143223"
"2017-06-07","0.13043478260869565"
"2017-06-08","0.06295620437956205"
"2017-06-09","0.05637773079633545"
"2017-06-10","0.23660714285714285"
"2017-06-11","0.1820388349514563"
"2017-06-12","0.05897658282740677"
"2017-06-13","0.06636363636363636"
"2017-06-14","0.02107728337236534"
"2017-06-15","-0.0007782101167315176"
"2017-06-16","0.036669970267591674"
"2017-06-17","0.07062146892655367"
"2017-06-18","0.21246458923512748"
"2017-06-19","0.14432989690721648"
"2017-06-20","0.06930693069306931"
"2017-06-21","0.006227758007117438"
"2017-06-22","0.07282415630550622"
"2017-06-23","0.05612722170252572"
"2017-06-24","0.20316027088036118"
"2017-06-25","0.21428571428571427"
"2017-06-26","0.07155322862129145"
"2017-06-27","-0.01818181818181818"
"2017-06-28","0.058069381598793365"
"2017-06-29","-0.019206145966709345"
"2017-06-30","0.0405770964833183"
"2017-07-01","0.17121588089330025"
"2017-07-02","0.18313953488372092"
"2017-07-03","0.10629514963880289"
"2017-07-04","0.2389558232931727"
"2017-07-05","0.04057971014492753"
"2017-07-06","0.030201342281879196"
"2017-07-07","0.008968609865470852"
"2017-07-08","0.08604651162790698"
"2017-07-09","0.21212121212121213"
"2017-07-10","0.07481060606060606"
"2017-07-11","0.02585487906588824"
"2017-07-12","0.07083333333333333"
"2017-07-13","0.15146147032772364"
"2017-07-14","0.10866261398176291"
"2017-07-15","0.27121771217712176"
"2017-07-16","0.18004338394793926"
"2017-07-17","0.08973252804141502"
"2017-07-18","0.02843216896831844"
"2017-07-19","0.09366197183098592"
"2017-07-20","0.0911854103343465"
"2017-07-21","0.03468208092485549"
"2017-07-22","0.22004357298474944"
"2017-07-23","0.18439716312056736"
"2017-07-24","0.0942507068803016"
"2017-07-25","0.12338156892612338"
"2017-07-26","0.05117085862966175"
"2017-07-27","0.07509627727856226"
"2017-07-28","-0.011267605633802818"
"2017-07-29","0.15176715176715178"
"2017-07-30","0.18274111675126903"
"2017-07-31","0.07014388489208633"
"2017-08-01","-0.005886681383370125"
"2017-08-02","0.01763046544428773"
"2017-08-03","0.03812549642573471"
"2017-08-04","0.019730941704035873"
"2017-08-05","0.20824295010845986"
"2017-08-06","0.22164948453608246"
"2017-08-07","0.12604263206672844"
"2017-08-08","0.051667756703727925"
"2017-08-09","-0.022130013831258646"
"2017-08-10","-0.02593192868719611"
"2017-08-11","-0.011583011583011582"
"2017-08-12","0.193158953722334"
"2017-08-13","0.10472279260780287"
"2017-08-14","0.038322487346348515"
"2017-08-15","0.04438860971524288"
"2017-08-16","0.041315990818668706"
"2017-08-17","-0.07656967840735068"
"2017-08-18","-0.04604550379198267"
"2017-08-19","0.1217564870259481"
"2017-08-20","0.14864864864864866"
"2017-08-21","0.04740406320541761"
"2017-08-22","0.075"
"2017-08-23","0.007730147575544624"
"2017-08-24","0.03274760383386582"
"2017-08-25","0.049836601307189546"
"2017-08-26","0.1824175824175824"
"2017-08-27","0.1882640586797066"
"2017-08-28","0.005397070161912105"
"2017-08-29","0.014796547472256474"
"2017-08-30","0.09608785175017158"
"2017-08-31","0.1225854383358098"
"2017-09-01","0.09300265721877768"
"2017-09-02","0.12026726057906459"
"2017-09-03","0.17894736842105263"
"2017-09-04","0.1700404858299595"
"2017-09-05","-0.031228784792939578"
"2017-09-06","-0.0032414910858995136"
"2017-09-07","-0.0036101083032490976"
"2017-09-08","0.0009652509652509653"
"2017-09-09","0.15608465608465608"
"2017-09-10","0.09181141439205956"
"2017-09-11","0.05309734513274336"
"2017-09-12","0.0849194729136164"
"2017-09-13","0.008764241893076249"
"2017-09-14","0.03101424979044426"
"2017-09-15","0.06482213438735178"
"2017-09-16","0.205761316872428"
"2017-09-17","0.33669354838709675"
"2017-09-18","0.11786237188872621"
"2017-09-19","0.03773584905660377"
"2017-09-20","0.018802228412256268"
"2017-09-21","-0.020389249304911955"
"2017-09-22","0.040968342644320296"
"2017-09-23","0.16507177033492823"
"2017-09-24","0.18449197860962566"
"2017-09-25","-0.001728608470181504"
"2017-09-26","0.017361111111111112"
"2017-09-27","0.09761549925484352"
"2017-09-28","0.0142602495543672"
"2017-09-29","0.1988472622478386"
"2017-09-30","0.16907216494845362"
"2017-10-01","0.2900232018561485"
"2017-10-02","0.14090520922288644"
"2017-10-03","0.1026677445432498"
"2017-10-04","0.13620689655172413"
"2017-10-05","0.09582132564841499"
"2017-10-06","-0.02040816326530612"
"2017-10-07","0.214"
"2017-10-08","0.29024943310657597"
"2017-10-09","0.06749049429657794"
"2017-10-10","0.11843276936776491"
"2017-10-11","0.13408304498269896"
"2017-10-12","0.11781609195402298"
"2017-10-13","0.0970873786407767"
"2017-10-14","0.18843683083511778"
"2017-10-15","0.26405867970660146"
"2017-10-16","0.07527881040892194"
"2017-10-17","0.04817127564674398"
"2017-10-18","0.044905008635578586"
"2017-10-19","0.021820448877805487"
"2017-10-20","0.027799227799227798"
"2017-10-21","0.22717622080679406"
"2017-10-22","0.21508379888268156"
"2017-10-23","0.08649959579628133"
"2017-10-24","0.11568123393316196"
"2017-10-25","0.06497948016415869"
"2017-10-26","0.08399209486166008"
"2017-10-27","0.1170858629661752"
"2017-10-28","0.2247191011235955"
"2017-10-29","0.11139896373056994"
"2017-10-30","0.09392789373814042"
"2017-10-31","0.1171634121274409"
"2017-11-01","0.09967845659163987"
"2017-11-02","0.12287334593572778"
"2017-11-03","0.11301715438950555"
"2017-11-04","0.1480637813211845"
"2017-11-05","0.20802005012531327"
"2017-11-06","0.08756756756756756"
"2017-11-07","0.08142726440988106"
"2017-11-08","0.11435941530524506"
"2017-11-09","0.026779882429784456"
"2017-11-10","0.09435707678075855"
"2017-11-11","0.18924731182795698"
"2017-11-12","0.18518518518518517"
"2017-11-13","0.08748824082784572"
"2017-11-14","0.05744336569579288"
"2017-11-15","0.03669112741827885"
"2017-11-16","0.09286775631500743"
"2017-11-17","0.07072691552062868"
"2017-11-18","0.20950323974082075"
"2017-11-19","0.2989949748743719"
"2017-11-20","0.09119170984455958"
"2017-11-21","0.178544061302682"
"2017-11-22","0.11673553719008264"
"2017-11-23","0.18701298701298702"
"2017-11-24","0.08550185873605948"
"2017-11-25","0.26277372262773724"
"2017-11-26","0.18765432098765433"
"2017-11-27","0.11806256306760847"
"2017-11-28","0.11238223418573351"
"2017-11-29","0.07611940298507462"
"2017-11-30","0.08018867924528301"
"2017-12-01","-0.0005830903790087463"
"2017-12-02","0.16"
"2017-12-03","0.1596244131455399"
"2017-12-04","0.018138801261829655"
"2017-12-05","-0.05517241379310345"
"2017-12-06","-0.002544529262086514"
"2017-12-07","0.029223744292237442"
"2017-12-08","0.1286549707602339"
"2017-12-09","0.1957894736842105"
"2017-12-10","0.19292604501607716"
"2017-12-11","0.09348441926345609"
"2017-12-12","0.07411630558722919"
"2017-12-13","0.02727272727272727"
"2017-12-14","0.03674540682414698"
"2017-12-15","0.08016877637130802"
"2017-12-16","0.1643835616438356"
"2017-12-17","0.23118279569892472"
"2017-12-18","0.13957934990439771"
"2017-12-19","0.06890611541774333"
"2017-12-20","0.10174152153987168"
"2017-12-21","0.11145510835913312"
"2017-12-22","0.10928319623971798"
"2017-12-23","0.2701298701298701"
"2017-12-24","0.24584717607973422"
"2017-12-25","0.23809523809523808"
"2017-12-26","0.08305647840531562"
"2017-12-27","0.07818411097099622"
"2017-12-28","0.09685534591194969"
"2017-12-29","0.15605749486652978"
"2017-12-30","0.2903225806451613"
"2017-12-31","0.394273127753304"
"2018-01-01","0.29528535980148884"
"2018-01-02","0.19606003752345216"
"2018-01-03","0.15674453654860587"
"2018-01-04","0.07025089605734768"
"2018-01-05","0.18268525311812178"
"2018-01-06","0.34146341463414637"
"2018-01-07","0.25754060324825984"
"2018-01-08","0.14856081708449395"
"2018-01-09","0.1355421686746988"
"2018-01-10","0.030165912518853696"
"2018-01-11","0.10474631751227496"
"2018-01-12","0.0890937019969278"
"2018-01-13","0.1894093686354379"
"2018-01-14","0.25"
"2018-01-15","0.21231422505307856"
"2018-01-16","0.05650793650793651"
"2018-01-17","0.11778115501519756"
"2018-01-18","0.12619808306709265"
"2018-01-19","0.0729483282674772"
"2018-01-20","0.11371841155234658"
"2018-01-21","0.2414486921529175"
"2018-01-22","0.10647181628392484"
"2018-01-23","0.1386861313868613"
"2018-01-24","0.06342364532019705"
"2018-01-25","0.07622641509433963"
"2018-01-26","0.11997273346966598"
"2018-01-27","0.19932998324958123"
"2018-01-28","0.32983193277310924"
"2018-01-29","0.00076103500761035"
"2018-01-30","-0.037444933920704845"
"2018-01-31","0.061408789885611076"
"2018-02-01","0.031892274982282066"
"2018-02-02","-0.04690925032880316"
"2018-02-03","0.05459387483355526"
"2018-02-04","0.14913657770800628"
"2018-02-05","-0.13218390804597702"
"2018-02-06","-0.09870064967516241"
"2018-02-07","-0.006223073240785065"
"2018-02-08","-0.06247689463955638"
"2018-02-09","-0.04223711039906787"
"2018-02-10","0.08207070707070707"
"2018-02-11","0.1471004243281471"
"2018-02-12","0.07079646017699115"
"2018-02-13","0.07340631036703155"
"2018-02-14","0.055853920515574654"
"2018-02-15","0.08177570093457943"
"2018-02-16","0.08599088838268792"
"2018-02-17","0.21164021164021163"
"2018-02-18","0.16376306620209058"
"2018-02-19","0.14551083591331268"
"2018-02-20","0.010101010101010102"
"2018-02-21","0.048752834467120185"
"2018-02-22","0.03513022410660206"
"2018-02-23","0.05384110308601445"
"2018-02-24","0.13450292397660818"
"2018-02-25","0.2257495590828924"
"2018-02-26","0.17028493894165536"
"2018-02-27","0.11689106487148103"
"2018-02-28","-0.029886431560071727"
"2018-03-01","-0.03882618510158013"
"2018-03-02","0.03033220991815118"
"2018-03-03","0.12939521800281295"
"2018-03-04","0.21070811744386875"
"2018-03-05","0.11662371134020619"
"2018-03-06","0.09658344283837056"
"2018-03-07","0.059355568117580554"
"2018-03-08","0.09316770186335403"
"2018-03-09","0.1550131926121372"
"2018-03-10","0.2733118971061093"
"2018-03-11","0.21516754850088182"
"2018-03-12","0.10776545166402536"
"2018-03-13","0.05617147080561715"
"2018-03-14","0.06143344709897611"
"2018-03-15","0.014809041309431021"
"2018-03-16","0.023708721422523286"
"2018-03-17","0.14338919925512103"
"2018-03-18","0.26410835214446954"
"2018-03-19","0.01730103806228374"
"2018-03-20","0.10497667185069985"
"2018-03-21","0.08633582596872875"
"2018-03-22","-0.0017785682525566918"
"2018-03-23","-0.04251839738348324"
"2018-03-24","0.10512483574244415"
"2018-03-25","0.1453287197231834"
"2018-03-26","0.10768398268398269"
"2018-03-27","0.06896551724137931"
"2018-03-28","0.037263910158244005"
"2018-03-29","0.04265997490589712"
"2018-03-30","0.12024048096192384"
"2018-03-31","0.2422062350119904"
"2018-04-01","0.23058823529411765"
"2018-04-02","-0.11604938271604938"
"2018-04-03","-0.029219143576826197"
"2018-04-04","0.008347245409015025"
"2018-04-05","0.0638675340035482"
"2018-04-06","-0.006481481481481481"
"2018-04-07","0.13009404388714735"
"2018-04-08","0.1195840554592721"
"2018-04-09","0.020527859237536656"
"2018-04-10","0.10780669144981413"
"2018-04-11","0.07726409119696011"
"2018-04-12","0.10829493087557604"
"2018-04-13","0.08109684947491248"
"2018-04-14","0.17647058823529413"
"2018-04-15","0.22707423580786026"
"2018-04-16","0.06896551724137931"
"2018-04-17","0.11345646437994723"
"2018-04-18","0.09563253012048192"
"2018-04-19","0.019138755980861243"
"2018-04-20","0.04667609618104668"
"2018-04-21","0.2814814814814815"
"2018-04-22","0.18159806295399517"
"2018-04-23","0.06557377049180328"
"2018-04-24","0.024429967426710098"
"2018-04-25","0.04281524926686217"
"2018-04-26","0.15260454878943508"
"2018-04-27","0.10775862068965517"
"2018-04-28","0.2745995423340961"
"2018-04-29","0.24242424242424243"
"2018-04-30","0.1278792692613185"
"2018-05-01","0.07240437158469945"
"2018-05-02","0.0790454884414616"
"2018-05-03","0.030921820303383897"
"2018-05-04","0.20099564405724954"
"2018-05-05","0.28817204301075267"
"2018-05-06","0.30933333333333335"
"2018-05-07","0.11365369946605644"
"2018-05-08","0.12102351313969571"
"2018-05-09","0.12339331619537275"
"2018-05-10","0.17356475300400534"
"2018-05-11","0.1619047619047619"
"2018-05-12","0.28051391862955033"
"2018-05-13","0.27692307692307694"
"2018-05-14","0.12885802469135801"
"2018-05-15","0.05414220482713633"
"2018-05-16","0.14521193092621665"
"2018-05-17","0.1344800625488663"
"2018-05-18","0.09904430929626412"
"2018-05-19","0.2617283950617284"
"2018-05-20","0.15584415584415584"
"2018-05-21","0.19171917191719173"
"2018-05-22","0.1623646960865945"
"2018-05-23","0.08747220163083766"
"2018-05-24","0.05761641673243883"
"2018-05-25","0.056807935076645624"
"2018-05-26","0.09777777777777778"
"2018-05-27","0.23607427055702918"
"2018-05-28","0.18527315914489312"
"2018-05-29","0.006273525721455458"
"2018-05-30","0.10898379970544919"
"2018-05-31","0.09216589861751152"
"2018-06-01","0.14327272727272727"
"2018-06-02","0.19184652278177458"
"2018-06-03","0.25133689839572193"
"2018-06-04","0.1825633383010432"
"2018-06-05","0.17068864037669218"
"2018-06-06","0.12912087912087913"
"2018-06-07","0.1510791366906475"
"2018-06-08","0.1922723091076357"
"2018-06-09","0.393048128342246"
"2018-06-10","0.3953488372093023"
"2018-06-11","0.20016611295681064"
"2018-06-12","0.10388580491673276"
"2018-06-13","0.11870503597122302"
"2018-06-14","0.11262798634812286"
"2018-06-15","0.047619047619047616"
"2018-06-16","0.2691358024691358"
"2018-06-17","0.2953929539295393"
"2018-06-18","0.10230414746543778"
"2018-06-19","0.06608478802992519"
"2018-06-20","0.14447134786117838"
"2018-06-21","0.0766847405112316"
"2018-06-22","0.056189640035118525"
"2018-06-23","0.28895184135977336"
"2018-06-24","0.26136363636363635"
"2018-06-25","0.00254323499491353"
"2018-06-26","0.04267425320056899"
"2018-06-27","0.016756433273488927"
"2018-06-28","0.07817811012916383"
"2018-06-29","0.07910014513788098"
"2018-06-30","0.12655086848635236"
"2018-07-01","0.181360201511335"
"2018-07-02","0.1511278195488722"
"2018-07-03","0.2071494042163153"
"2018-07-04","0.2433734939759036"
"2018-07-05","0.06650041562759768"
"2018-07-06","0.12874043145441894"
"2018-07-07","0.3174946004319654"
"2018-07-08","0.290167865707434"
"2018-07-09","0.12773998488284202"
"2018-07-10","0.12791430371770637"
"2018-07-11","0.05207646671061305"
"2018-07-12","0.1276595744680851"
"2018-07-13","0.13654618473895583"
"2018-07-14","0.27702702702702703"
"2018-07-15","0.3118556701030928"
"2018-07-16","0.08274647887323944"
"2018-07-17","0.150188679245283"
"2018-07-18","0.14022435897435898"
"2018-07-19","0.139389193422083"
"2018-07-20","0.03706896551724138"
"2018-07-21","0.2849604221635884"
"2018-07-22","0.29526462395543174"
"2018-07-23","0.14398595258999122"
"2018-07-24","0.15447761194029852"
"2018-07-25","0.10658082975679542"
"2018-07-26","0.08197989172467131"
"2018-07-27","0.024355300859598854"
"2018-07-28","0.19675456389452334"
"2018-07-29","0.2182890855457227"
"2018-07-30","0.012448132780082987"
"2018-07-31","0.08159866777685262"
"2018-08-01","-0.012121212121212121"
"2018-08-02","0.0927536231884058"
"2018-08-03","0.1260229132569558"
"2018-08-04","0.2727272727272727"
"2018-08-05","0.287292817679558"
"2018-08-06","0.0725604670558799"
"2018-08-07","0.10814708002883922"
"2018-08-08","0.0689375506893755"
"2018-08-09","0.03784219001610306"
"2018-08-10","0.04403948367501898"
"2018-08-11","0.16467780429594273"
"2018-08-12","0.2578947368421053"
"2018-08-13","0.03650793650793651"
"2018-08-14","0.0674061433447099"
"2018-08-15","0.06056527590847914"
"2018-08-16","0.0904295403165034"
"2018-08-17","0.02883799830364716"
"2018-08-18","0.1842818428184282"
"2018-08-19","0.1882640586797066"
"2018-08-20","0.13380909901873328"
"2018-08-21","0.15358024691358024"
"2018-08-22","0.09419063733784545"
"2018-08-23","0.03609022556390978"
"2018-08-24","0.06623931623931624"
"2018-08-25","0.19099378881987578"
"2018-08-26","0.16981132075471697"
"2018-08-27","0.06822488945041061"
"2018-08-28","0.15315315315315314"
"2018-08-29","0.09416445623342175"
"2018-08-30","0.03632478632478633"
"2018-08-31","0.04897959183673469"
"2018-09-01","0.24074074074074073"
"2018-09-02","0.2576112412177986"
"2018-09-03","0.2"
"2018-09-04","0.07338638373121131"
"2018-09-05","0.019592476489028215"
"2018-09-06","0.013523666416228399"
"2018-09-07","-0.0015037593984962407"
"2018-09-08","0.16554809843400448"
"2018-09-09","0.07058823529411765"
"2018-09-10","0.025044722719141325"
"2018-09-11","0.061526479750778816"
"2018-09-12","0.07192575406032482"
"2018-09-13","0.10611510791366907"
"2018-09-14","0.1480865224625624"
"2018-09-15","0.1346938775510204"
"2018-09-16","0.26540284360189575"
"2018-09-17","0.008071025020177562"
"2018-09-18","0.09461538461538462"
"2018-09-19","0.04440497335701599"
"2018-09-20","0.15672451193058567"
"2018-09-21","0.10327272727272727"
"2018-09-22","0.22928709055876687"
"2018-09-23","0.12315270935960591"
"2018-09-24","0.04780487804878049"
"2018-09-25","0.0913006029285099"
"2018-09-26","0.05137481910274964"
"2018-09-27","-0.011343804537521814"
"2018-09-28","0.07243650047036689"
"2018-09-29","0.27654867256637167"
"2018-09-30","0.18023255813953487"
"2018-10-01","0.1306491372226787"
"2018-10-02","0.035866780529461996"
"2018-10-03","0.06475903614457831"
"2018-10-04","0.018765133171912834"
"2018-10-05","-0.025440313111545987"
"2018-10-06","0.24946695095948826"
"2018-10-07","0.2"
"2018-10-08","0.015904572564612324"
"2018-10-09","0.014265335235378032"
"2018-10-10","-0.1023142509135201"
"2018-10-11","-0.09870416322029225"
"2018-10-12","-0.01332794830371567"
"2018-10-13","0.07060755336617405"
"2018-10-14","0.0412573673870334"
"2018-10-15","0.026187576126674786"
"2018-10-16","0.09949409780775717"
"2018-10-17","0.035443037974683546"
"2018-10-18","0.020232675771370764"
"2018-10-19","-0.01248513674197384"
"2018-10-20","0.18435754189944134"
"2018-10-21","0.125"
"2018-10-22","0.0018315018315018315"
"2018-10-23","-0.09186864738076622"
"2018-10-24","-0.15895652173913044"
"2018-10-25","-0.04881050041017227"
"2018-10-26","-0.0952195880295375"
"2018-10-27","0.01813110181311018"
"2018-10-28","0.050314465408805034"
"2018-10-29","-0.061396131202691336"
"2018-10-30","0.014499121265377855"
"2018-10-31","0.058707449432659105"
"2018-11-01","0.02852253280091272"
"2018-11-02","-0.021494370522006142"
"2018-11-03","0.2271062271062271"
"2018-11-04","0.218568665377176"
"2018-11-05","0.07994486560992418"
"2018-11-06","0.0962532299741602"
"2018-11-07","0.10343035343035344"
"2018-11-08","0.014317180616740088"
"2018-11-09","0.004581901489117984"
"2018-11-10","0.16895874263261296"
"2018-11-11","0.24660633484162897"
"2018-11-12","0.02005420054200542"
"2018-11-13","0.029443254817987152"
"2018-11-14","-0.023614895549500452"
"2018-11-15","0.023889154323936932"
"2018-11-16","0.01878453038674033"
"2018-11-17","0.11567164179104478"
"2018-11-18","0.17324561403508773"
"2018-11-19","-0.025302530253025302"
"2018-11-20","-0.037037037037037035"
"2018-11-21","-0.04417670682730924"
"2018-11-22","0.09348914858096828"
"2018-11-23","-0.07630522088353414"
"2018-11-24","0.11452991452991453"
"2018-11-25","0.22482014388489208"
"2018-11-26","0.10569620253164556"
"2018-11-27","0.0522713130056005"
"2018-11-28","0.10432569974554708"
"2018-11-29","0.0880893300248139"
"2018-11-30","0.14817190506735087"
"2018-12-01","0.20031545741324921"
"2018-12-02","0.1994459833795014"
"2018-12-03","0.06079196876742889"
"2018-12-04","-0.03117071402682131"
"2018-12-05","0.01593625498007968"
"2018-12-06","-0.03718500307314075"
"2018-12-07","-0.012908124525436599"
"2018-12-08","0.07057256990679095"
"2018-12-09","0.17421124828532236"
"2018-12-10","-0.019193106149627888"
"2018-12-11","0.04925440578400361"
"2018-12-12","0.04557885141294439"
"2018-12-13","0.021134593993325918"
"2018-12-14","-0.061946902654867256"
"2018-12-15","0.06047819971870605"
"2018-12-16","0.10034602076124567"
"2018-12-17","-0.09401709401709402"
"2018-12-18","-0.0908159781495391"
"2018-12-19","-0.03803641092327698"
"2018-12-20","-0.018751921303412234"
"2018-12-21","-0.11043771043771043"
"2018-12-22","-0.05177372962607862"
"2018-12-23","0.09947643979057591"
"2018-12-24","-0.1614487415592388"
"2018-12-25","-0.10867293625914315"
"2018-12-26","0.01891506067094932"
"2018-12-27","0.004681310767014764"
"2018-12-28","0.05801376597836775"
"2018-12-29","0.2365747460087083"
"2018-12-30","0.26774847870182555"
"2018-12-31","-0.09560723514211886"
